Title,Date,Content,Link
No title,No date,No content,/content/%E0%A4%9A%E0%A5%8B%E0%A4%B0%E0%A5%80-%E0%A4%97%E0%A4%B0%E0%A5%80%E0%A4%8F%E0%A4%95%E0%A4%BE-%E0%A4%B8%E0%A4%BE%E0%A4%AE%E0%A4%BE%E0%A4%A8%E0%A4%B9%E0%A4%B0%E0%A5%81-%E0%A4%AB%E0%A4%BF%E0%A4%B0%E0%A5%8D%E0%A4%A4%E0%A4%BE-%E0%A4%97%E0%A4%B0%E0%A4%BF%E0%A4%A6%E0%A4%BF%E0%A4%A8%E0%A5%87-%E0%A4%B8%E0%A4%AE%E0%A5%8D%E0%A4%AC%E0%A4%A8%E0%A5%8D%E0%A4%A7%E0%A4%AE%E0%A4%BE%E0%A5%A4
No title,No date,No content,/content/%E0%A4%B8%E0%A5%87%E0%A4%B5%E0%A4%BE-%E0%A4%95%E0%A5%87%E0%A4%A8%E0%A5%8D%E0%A4%A6%E0%A5%8D%E0%A4%B0%E0%A4%B9%E0%A4%B0%E0%A5%81-%E0%A4%B8%E0%A4%AE%E0%A5%8D%E0%A4%AC%E0%A4%A8%E0%A5%8D%E0%A4%A7%E0%A4%AE%E0%A4%BE%E0%A5%A4
No title,No date,No content,/content/%E0%A4%B5%E0%A4%BF%E0%A4%A6%E0%A5%8D%E0%A4%AF%E0%A4%BE%E0%A4%B2%E0%A4%AF-%E0%A4%B8%E0%A4%9E%E0%A5%8D%E0%A4%9A%E0%A4%BE%E0%A4%B2%E0%A4%A8-%E0%A4%B8%E0%A4%AE%E0%A5%8D%E0%A4%AC%E0%A4%A8%E0%A5%8D%E0%A4%A7%E0%A5%80-%E0%A4%B8%E0%A5%82%E0%A4%9A%E0%A4%A8%E0%A4%BE%E0%A5%A4
No title,No date,No content,/content/%E0%A4%B8%E0%A5%87%E0%A4%B5%E0%A4%BE-%E0%A4%B8%E0%A5%82%E0%A4%9A%E0%A4%BE%E0%A4%B0%E0%A5%81-%E0%A4%B8%E0%A4%AE%E0%A5%8D%E0%A4%AC%E0%A4%A8%E0%A5%8D%E0%A4%A7%E0%A5%80-%E0%A4%B8%E0%A5%82%E0%A4%9A%E0%A4%A8%E0%A4%BE%E0%A5%A4
No title,No date,No content,/content/%E0%A4%B8%E0%A5%82%E0%A4%9A%E0%A4%A8%E0%A4%BE
No title,No date,No content,/content/city-tour-guide-refreshment-training-notice-business-promotion-center
No title,No date,No content,/content/%E0%A4%95%E0%A5%83%E0%A4%B7%E0%A4%BF-%E0%A4%95%E0%A4%BE%E0%A4%B0%E0%A5%8D%E0%A4%AF%E0%A4%95%E0%A5%8D%E0%A4%B0%E0%A4%AE-%E0%A4%AA%E0%A5%8D%E0%A4%B0%E0%A4%B5%E0%A4%B0%E0%A5%8D%E0%A4%A6%E0%A5%8D%E0%A4%A7%E0%A4%A8%E0%A4%95%E0%A5%8B-%E0%A4%B2%E0%A4%BE%E0%A4%97%E0%A4%BF-%E0%A4%86%E0%A4%B5%E0%A5%87%E0%A4%A6%E0%A4%A8-%E0%A4%AE%E0%A4%BE%E0%A4%97-%E0%A4%B8%E0%A4%AE%E0%A5%8D%E0%A4%AC%E0%A4%A8%E0%A5%8D%E0%A4%A7%E0%A5%80-%E0%A4%B8%E0%A5%82%E0%A4%9A%E0%A4%A8%E0%A4%BE%E0%A5%A4
No title,No date,No content,/content/%E0%A4%B0%E0%A4%BF%E0%A4%95%E0%A5%8D%E0%A4%A4-%E0%A4%AA%E0%A4%A6%E0%A4%AE%E0%A4%BE-%E0%A4%B8%E0%A5%8D%E0%A4%A5%E0%A4%BE%E0%A4%AF%E0%A5%80-%E0%A4%B6%E0%A4%BF%E0%A4%95%E0%A5%8D%E0%A4%B7%E0%A4%95-%E0%A4%B8%E0%A4%B0%E0%A5%81%E0%A4%B5%E0%A4%BE-%E0%A4%B8%E0%A4%AE%E0%A5%8D%E0%A4%AC%E0%A4%A8%E0%A5%8D%E0%A4%A7%E0%A5%80-%E0%A4%B8%E0%A5%82%E0%A4%9A%E0%A4%A8%E0%A4%BE-%E0%A4%B6%E0%A5%8D%E0%A4%B0%E0%A5%80-%E0%A4%B8%E0%A5%87%E0%A4%A4%E0%A5%81%E0%A4%B5%E0%A4%B0%E0%A4%BE%E0%A4%B9%E0%A5%80-%E0%A4%86%E0%A4%B5%E0%A4%BF-%E0%A4%AA%E0%A5%8B%E0%A4%96%E0%A4%B0%E0%A4%BE-%E0%A5%A8%E0%A5%A9
No title,No date,No content,/content/%E0%A4%9C%E0%A4%B2%E0%A4%B6%E0%A5%8D%E0%A4%B0%E0%A5%8B%E0%A4%A4%E0%A4%95%E0%A5%8B-%E0%A4%AE%E0%A5%81%E0%A4%B9%E0%A4%BE%E0%A4%A8-%E0%A4%A6%E0%A4%B0%E0%A5%8D%E0%A4%A4%E0%A4%BE-%E0%A4%B8%E0%A4%AE%E0%A5%8D%E0%A4%AC%E0%A4%A8%E0%A5%8D%E0%A4%A7%E0%A4%AE%E0%A4%BE-%E0%A4%B8%E0%A5%81%E0%A4%9D%E0%A4%BE%E0%A4%B5-%E0%A4%B5%E0%A4%BE-%E0%A4%A6%E0%A4%BE%E0%A4%AC%E0%A5%80-%E0%A4%B5%E0%A4%BF%E0%A4%B0%E0%A5%8B%E0%A4%A7-%E0%A4%AA%E0%A5%87%E0%A4%B8-%E0%A4%97%E0%A4%B0%E0%A5%8D%E0%A4%A8%E0%A5%87-%E0%A4%B8%E0%A4%AE%E0%A5%8D%E0%A4%AC%E0%A4%A8%E0%A5%8D%E0%A4%A7%E0%A5%80-%E0%A4%B8%E0%A4%BE%E0%A4%B0%E0%A5%8D%E0%A4%B5%E0%A4%9C%E0%A4%A8%E0%A4%BF%E0%A4%95-%E0%A4%B8%E0%A5%82%E0%A4%9A%E0%A4%A8%E0%A4%BE-4
No title,No date,No content,/content/%E0%A4%A6%E0%A5%80%E0%A4%B0%E0%A5%8D%E0%A4%98-%E0%A4%B8%E0%A5%87%E0%A4%B5%E0%A4%BE-%E0%A4%B8%E0%A4%AE%E0%A5%8D%E0%A4%AE%E0%A4%BE%E0%A4%A8-%E0%A4%B8%E0%A4%AE%E0%A5%8D%E0%A4%AC%E0%A4%A8%E0%A5%8D%E0%A4%A7%E0%A4%AE%E0%A4%BE-%E0%A5%A4
चोरी गरीएका सामानहरु फिर्ता गरिदिने सम्बन्धमा।,No date,,/content/%E0%A4%9A%E0%A5%8B%E0%A4%B0%E0%A5%80-%E0%A4%97%E0%A4%B0%E0%A5%80%E0%A4%8F%E0%A4%95%E0%A4%BE-%E0%A4%B8%E0%A4%BE%E0%A4%AE%E0%A4%BE%E0%A4%A8%E0%A4%B9%E0%A4%B0%E0%A5%81-%E0%A4%AB%E0%A4%BF%E0%A4%B0%E0%A5%8D%E0%A4%A4%E0%A4%BE-%E0%A4%97%E0%A4%B0%E0%A4%BF%E0%A4%A6%E0%A4%BF%E0%A4%A8%E0%A5%87-%E0%A4%B8%E0%A4%AE%E0%A5%8D%E0%A4%AC%E0%A4%A8%E0%A5%8D%E0%A4%A7%E0%A4%AE%E0%A4%BE%E0%A5%A4
सेवा केन्द्रहरु सम्बन्धमा।,No date,,/content/%E0%A4%B8%E0%A5%87%E0%A4%B5%E0%A4%BE-%E0%A4%95%E0%A5%87%E0%A4%A8%E0%A5%8D%E0%A4%A6%E0%A5%8D%E0%A4%B0%E0%A4%B9%E0%A4%B0%E0%A5%81-%E0%A4%B8%E0%A4%AE%E0%A5%8D%E0%A4%AC%E0%A4%A8%E0%A5%8D%E0%A4%A7%E0%A4%AE%E0%A4%BE%E0%A5%A4
विद्यालय सञ्चालन सम्बन्धी सूचना।,No date,,/content/%E0%A4%B5%E0%A4%BF%E0%A4%A6%E0%A5%8D%E0%A4%AF%E0%A4%BE%E0%A4%B2%E0%A4%AF-%E0%A4%B8%E0%A4%9E%E0%A5%8D%E0%A4%9A%E0%A4%BE%E0%A4%B2%E0%A4%A8-%E0%A4%B8%E0%A4%AE%E0%A5%8D%E0%A4%AC%E0%A4%A8%E0%A5%8D%E0%A4%A7%E0%A5%80-%E0%A4%B8%E0%A5%82%E0%A4%9A%E0%A4%A8%E0%A4%BE%E0%A5%A4
सेवा सूचारु सम्बन्धी सूचना।,No date,,/content/%E0%A4%B8%E0%A5%87%E0%A4%B5%E0%A4%BE-%E0%A4%B8%E0%A5%82%E0%A4%9A%E0%A4%BE%E0%A4%B0%E0%A5%81-%E0%A4%B8%E0%A4%AE%E0%A5%8D%E0%A4%AC%E0%A4%A8%E0%A5%8D%E0%A4%A7%E0%A5%80-%E0%A4%B8%E0%A5%82%E0%A4%9A%E0%A4%A8%E0%A4%BE%E0%A5%A4
सूचना,No date,,/content/%E0%A4%B8%E0%A5%82%E0%A4%9A%E0%A4%A8%E0%A4%BE
"City Tour Guide - Refreshment Training Notice, Business Promotion Center",No date,,/content/city-tour-guide-refreshment-training-notice-business-promotion-center
कृषि कार्यक्रम प्रवर्द्धनको लागि आवेदन माग सम्बन्धी सूचना।,No date,,/content/%E0%A4%95%E0%A5%83%E0%A4%B7%E0%A4%BF-%E0%A4%95%E0%A4%BE%E0%A4%B0%E0%A5%8D%E0%A4%AF%E0%A4%95%E0%A5%8D%E0%A4%B0%E0%A4%AE-%E0%A4%AA%E0%A5%8D%E0%A4%B0%E0%A4%B5%E0%A4%B0%E0%A5%8D%E0%A4%A6%E0%A5%8D%E0%A4%A7%E0%A4%A8%E0%A4%95%E0%A5%8B-%E0%A4%B2%E0%A4%BE%E0%A4%97%E0%A4%BF-%E0%A4%86%E0%A4%B5%E0%A5%87%E0%A4%A6%E0%A4%A8-%E0%A4%AE%E0%A4%BE%E0%A4%97-%E0%A4%B8%E0%A4%AE%E0%A5%8D%E0%A4%AC%E0%A4%A8%E0%A5%8D%E0%A4%A7%E0%A5%80-%E0%A4%B8%E0%A5%82%E0%A4%9A%E0%A4%A8%E0%A4%BE%E0%A5%A4
रिक्त पदमा स्थायी शिक्षक सरुवा सम्बन्धी सूचना (श्री सेतुवराही आ.वि  पोखरा २३),No date,,/content/%E0%A4%B0%E0%A4%BF%E0%A4%95%E0%A5%8D%E0%A4%A4-%E0%A4%AA%E0%A4%A6%E0%A4%AE%E0%A4%BE-%E0%A4%B8%E0%A5%8D%E0%A4%A5%E0%A4%BE%E0%A4%AF%E0%A5%80-%E0%A4%B6%E0%A4%BF%E0%A4%95%E0%A5%8D%E0%A4%B7%E0%A4%95-%E0%A4%B8%E0%A4%B0%E0%A5%81%E0%A4%B5%E0%A4%BE-%E0%A4%B8%E0%A4%AE%E0%A5%8D%E0%A4%AC%E0%A4%A8%E0%A5%8D%E0%A4%A7%E0%A5%80-%E0%A4%B8%E0%A5%82%E0%A4%9A%E0%A4%A8%E0%A4%BE-%E0%A4%B6%E0%A5%8D%E0%A4%B0%E0%A5%80-%E0%A4%B8%E0%A5%87%E0%A4%A4%E0%A5%81%E0%A4%B5%E0%A4%B0%E0%A4%BE%E0%A4%B9%E0%A5%80-%E0%A4%86%E0%A4%B5%E0%A4%BF-%E0%A4%AA%E0%A5%8B%E0%A4%96%E0%A4%B0%E0%A4%BE-%E0%A5%A8%E0%A5%A9
जलश्रोतको मुहान दर्ता सम्बन्धमा सुझाव वा दाबी विरोध पेस गर्ने सम्बन्धी सार्वजनिक सूचना (पोखरा २१),No date,,/content/%E0%A4%9C%E0%A4%B2%E0%A4%B6%E0%A5%8D%E0%A4%B0%E0%A5%8B%E0%A4%A4%E0%A4%95%E0%A5%8B-%E0%A4%AE%E0%A5%81%E0%A4%B9%E0%A4%BE%E0%A4%A8-%E0%A4%A6%E0%A4%B0%E0%A5%8D%E0%A4%A4%E0%A4%BE-%E0%A4%B8%E0%A4%AE%E0%A5%8D%E0%A4%AC%E0%A4%A8%E0%A5%8D%E0%A4%A7%E0%A4%AE%E0%A4%BE-%E0%A4%B8%E0%A5%81%E0%A4%9D%E0%A4%BE%E0%A4%B5-%E0%A4%B5%E0%A4%BE-%E0%A4%A6%E0%A4%BE%E0%A4%AC%E0%A5%80-%E0%A4%B5%E0%A4%BF%E0%A4%B0%E0%A5%8B%E0%A4%A7-%E0%A4%AA%E0%A5%87%E0%A4%B8-%E0%A4%97%E0%A4%B0%E0%A5%8D%E0%A4%A8%E0%A5%87-%E0%A4%B8%E0%A4%AE%E0%A5%8D%E0%A4%AC%E0%A4%A8%E0%A5%8D%E0%A4%A7%E0%A5%80-%E0%A4%B8%E0%A4%BE%E0%A4%B0%E0%A5%8D%E0%A4%B5%E0%A4%9C%E0%A4%A8%E0%A4%BF%E0%A4%95-%E0%A4%B8%E0%A5%82%E0%A4%9A%E0%A4%A8%E0%A4%BE-4
दीर्घ सेवा सम्मान सम्बन्धमा ।,No date,,/content/%E0%A4%A6%E0%A5%80%E0%A4%B0%E0%A5%8D%E0%A4%98-%E0%A4%B8%E0%A5%87%E0%A4%B5%E0%A4%BE-%E0%A4%B8%E0%A4%AE%E0%A5%8D%E0%A4%AE%E0%A4%BE%E0%A4%A8-%E0%A4%B8%E0%A4%AE%E0%A5%8D%E0%A4%AC%E0%A4%A8%E0%A5%8D%E0%A4%A7%E0%A4%AE%E0%A4%BE-%E0%A5%A4
भूमी (जग्गा) वर्गीकरण सम्बन्धी सूचना।,No date,,/content/%E0%A4%AD%E0%A5%82%E0%A4%AE%E0%A5%80-%E0%A4%9C%E0%A4%97%E0%A5%8D%E0%A4%97%E0%A4%BE-%E0%A4%B5%E0%A4%B0%E0%A5%8D%E0%A4%97%E0%A5%80%E0%A4%95%E0%A4%B0%E0%A4%A3-%E0%A4%B8%E0%A4%AE%E0%A5%8D%E0%A4%AC%E0%A4%A8%E0%A5%8D%E0%A4%A7%E0%A5%80-%E0%A4%B8%E0%A5%82%E0%A4%9A%E0%A4%A8%E0%A4%BE%E0%A5%A4
रिक्त पदमा स्थायी शिक्षक सरुवा सम्बन्धी सूचना (श्री भयरेश्वरी आधारभूत विद्यालय पोखरा १४),No date,,/content/%E0%A4%B0%E0%A4%BF%E0%A4%95%E0%A5%8D%E0%A4%A4-%E0%A4%AA%E0%A4%A6%E0%A4%AE%E0%A4%BE-%E0%A4%B8%E0%A5%8D%E0%A4%A5%E0%A4%BE%E0%A4%AF%E0%A5%80-%E0%A4%B6%E0%A4%BF%E0%A4%95%E0%A5%8D%E0%A4%B7%E0%A4%95-%E0%A4%B8%E0%A4%B0%E0%A5%81%E0%A4%B5%E0%A4%BE-%E0%A4%B8%E0%A4%AE%E0%A5%8D%E0%A4%AC%E0%A4%A8%E0%A5%8D%E0%A4%A7%E0%A5%80-%E0%A4%B8%E0%A5%82%E0%A4%9A%E0%A4%A8%E0%A4%BE-%E0%A4%B6%E0%A5%8D%E0%A4%B0%E0%A5%80-%E0%A4%AD%E0%A4%AF%E0%A4%B0%E0%A5%87%E0%A4%B6%E0%A5%8D%E0%A4%B5%E0%A4%B0%E0%A5%80-%E0%A4%86%E0%A4%A7%E0%A4%BE%E0%A4%B0%E0%A4%AD%E0%A5%82%E0%A4%A4-%E0%A4%B5%E0%A4%BF%E0%A4%A6%E0%A5%8D%E0%A4%AF%E0%A4%BE%E0%A4%B2%E0%A4%AF-%E0%A4%AA%E0%A5%8B%E0%A4%96%E0%A4%B0%E0%A4%BE-%E0%A5%A7%E0%A5%AA
लेखा परीक्षण गर्न इच्छुक रजिस्टर लेखापरिक्षकहरुले निवेदन गर्ने सम्बन्धी सूचना।,No date,,/content/%E0%A4%B2%E0%A5%87%E0%A4%96%E0%A4%BE-%E0%A4%AA%E0%A4%B0%E0%A5%80%E0%A4%95%E0%A5%8D%E0%A4%B7%E0%A4%A3-%E0%A4%97%E0%A4%B0%E0%A5%8D%E0%A4%A8-%E0%A4%87%E0%A4%9A%E0%A5%8D%E0%A4%9B%E0%A5%81%E0%A4%95-%E0%A4%B0%E0%A4%9C%E0%A4%BF%E0%A4%B8%E0%A5%8D%E0%A4%9F%E0%A4%B0-%E0%A4%B2%E0%A5%87%E0%A4%96%E0%A4%BE%E0%A4%AA%E0%A4%B0%E0%A4%BF%E0%A4%95%E0%A5%8D%E0%A4%B7%E0%A4%95%E0%A4%B9%E0%A4%B0%E0%A5%81%E0%A4%B2%E0%A5%87-%E0%A4%A8%E0%A4%BF%E0%A4%B5%E0%A5%87%E0%A4%A6%E0%A4%A8-%E0%A4%97%E0%A4%B0%E0%A5%8D%E0%A4%A8%E0%A5%87-%E0%A4%B8%E0%A4%AE%E0%A5%8D%E0%A4%AC%E0%A4%A8%E0%A5%8D%E0%A4%A7%E0%A5%80-%E0%A4%B8%E0%A5%82%E0%A4%9A%E0%A4%A8%E0%A4%BE%E0%A5%A4
आ.व.२०८१/८२ श्रावण देखि मंसिर सम्म औषधि उपचार खर्च प्राप्त गरेका लाभग्राहीहरुको विवरण।,No date,,/content/%E0%A4%86%E0%A4%B5%E0%A5%A8%E0%A5%A6%E0%A5%AE%E0%A5%A7%E0%A5%AE%E0%A5%A8-%E0%A4%B6%E0%A5%8D%E0%A4%B0%E0%A4%BE%E0%A4%B5%E0%A4%A3-%E0%A4%A6%E0%A5%87%E0%A4%96%E0%A4%BF-%E0%A4%AE%E0%A4%82%E0%A4%B8%E0%A4%BF%E0%A4%B0-%E0%A4%B8%E0%A4%AE%E0%A5%8D%E0%A4%AE-%E0%A4%94%E0%A4%B7%E0%A4%A7%E0%A4%BF-%E0%A4%89%E0%A4%AA%E0%A4%9A%E0%A4%BE%E0%A4%B0-%E0%A4%96%E0%A4%B0%E0%A5%8D%E0%A4%9A-%E0%A4%AA%E0%A5%8D%E0%A4%B0%E0%A4%BE%E0%A4%AA%E0%A5%8D%E0%A4%A4-%E0%A4%97%E0%A4%B0%E0%A5%87%E0%A4%95%E0%A4%BE-%E0%A4%B2%E0%A4%BE%E0%A4%AD%E0%A4%97%E0%A5%8D%E0%A4%B0%E0%A4%BE%E0%A4%B9%E0%A5%80%E0%A4%B9%E0%A4%B0%E0%A5%81%E0%A4%95%E0%A5%8B-%E0%A4%B5%E0%A4%BF%E0%A4%B5%E0%A4%B0%E0%A4%A3%E0%A5%A4
आ.व.२०८१/८२ माघ देखि असार सम्म औषधि उपचार खर्च प्राप्त गरेका लाभग्राहीहरुको विवरण।,No date,,/content/%E0%A4%86%E0%A4%B5%E0%A5%A8%E0%A5%A6%E0%A5%AE%E0%A5%A7%E0%A5%AE%E0%A5%A8-%E0%A4%AE%E0%A4%BE%E0%A4%98-%E0%A4%A6%E0%A5%87%E0%A4%96%E0%A4%BF-%E0%A4%85%E0%A4%B8%E0%A4%BE%E0%A4%B0-%E0%A4%B8%E0%A4%AE%E0%A5%8D%E0%A4%AE-%E0%A4%94%E0%A4%B7%E0%A4%A7%E0%A4%BF-%E0%A4%89%E0%A4%AA%E0%A4%9A%E0%A4%BE%E0%A4%B0-%E0%A4%96%E0%A4%B0%E0%A5%8D%E0%A4%9A-%E0%A4%AA%E0%A5%8D%E0%A4%B0%E0%A4%BE%E0%A4%AA%E0%A5%8D%E0%A4%A4-%E0%A4%97%E0%A4%B0%E0%A5%87%E0%A4%95%E0%A4%BE-%E0%A4%B2%E0%A4%BE%E0%A4%AD%E0%A4%97%E0%A5%8D%E0%A4%B0%E0%A4%BE%E0%A4%B9%E0%A5%80%E0%A4%B9%E0%A4%B0%E0%A5%81%E0%A4%95%E0%A5%8B-%E0%A4%B5%E0%A4%BF%E0%A4%B5%E0%A4%B0%E0%A4%A3%E0%A5%A4
"स्वतः प्रकाशन (२०८२ बैशाख देखि २०८२ असार मसान्त सम्म) सूचनाको हक सम्बन्धी ऐन, २०६४ को दफा ५(३) र सूचनाको हक सम्बन्धी नियमावली, २०६५ को नियम ३ बमोजिम सार्वजनिक गरिएको सूचना विवरण।",No date,,/content/%E0%A4%B8%E0%A5%8D%E0%A4%B5%E0%A4%A4%E0%A4%83-%E0%A4%AA%E0%A5%8D%E0%A4%B0%E0%A4%95%E0%A4%BE%E0%A4%B6%E0%A4%A8-%E0%A5%A8%E0%A5%A6%E0%A5%AE%E0%A5%A8-%E0%A4%AC%E0%A5%88%E0%A4%B6%E0%A4%BE%E0%A4%96-%E0%A4%A6%E0%A5%87%E0%A4%96%E0%A4%BF-%E0%A5%A8%E0%A5%A6%E0%A5%AE%E0%A5%A8-%E0%A4%85%E0%A4%B8%E0%A4%BE%E0%A4%B0-%E0%A4%AE%E0%A4%B8%E0%A4%BE%E0%A4%A8%E0%A5%8D%E0%A4%A4-%E0%A4%B8%E0%A4%AE%E0%A5%8D%E0%A4%AE-%E0%A4%B8%E0%A5%82%E0%A4%9A%E0%A4%A8%E0%A4%BE%E0%A4%95%E0%A5%8B-%E0%A4%B9%E0%A4%95-%E0%A4%B8%E0%A4%AE%E0%A5%8D%E0%A4%AC%E0%A4%A8%E0%A5%8D%E0%A4%A7%E0%A5%80-%E0%A4%90%E0%A4%A8-%E0%A5%A8%E0%A5%A6%E0%A5%AC%E0%A5%AA-%E0%A4%95%E0%A5%8B-%E0%A4%A6%E0%A4%AB%E0%A4%BE-%E0%A5%AB%E0%A5%A9-%E0%A4%B0
राजश्व संकलन सम्बन्धी सूचना !!,No date,,/content/%E0%A4%B0%E0%A4%BE%E0%A4%9C%E0%A4%B6%E0%A5%8D%E0%A4%B5-%E0%A4%B8%E0%A4%82%E0%A4%95%E0%A4%B2%E0%A4%A8-%E0%A4%B8%E0%A4%AE%E0%A5%8D%E0%A4%AC%E0%A4%A8%E0%A5%8D%E0%A4%A7%E0%A5%80-%E0%A4%B8%E0%A5%82%E0%A4%9A%E0%A4%A8%E0%A4%BE-0
न्यून आय भएका महानगरबासीहरुको लागि न्यून लागतको आवास/घर निर्माण कार्यक्रम सम्बन्धी सूचना।,No date,,/content/%E0%A4%A8%E0%A5%8D%E0%A4%AF%E0%A5%82%E0%A4%A8-%E0%A4%86%E0%A4%AF-%E0%A4%AD%E0%A4%8F%E0%A4%95%E0%A4%BE-%E0%A4%AE%E0%A4%B9%E0%A4%BE%E0%A4%A8%E0%A4%97%E0%A4%B0%E0%A4%AC%E0%A4%BE%E0%A4%B8%E0%A5%80%E0%A4%B9%E0%A4%B0%E0%A5%81%E0%A4%95%E0%A5%8B-%E0%A4%B2%E0%A4%BE%E0%A4%97%E0%A4%BF-%E0%A4%A8%E0%A5%8D%E0%A4%AF%E0%A5%82%E0%A4%A8-%E0%A4%B2%E0%A4%BE%E0%A4%97%E0%A4%A4%E0%A4%95%E0%A5%8B-%E0%A4%86%E0%A4%B5%E0%A4%BE%E0%A4%B8%E0%A4%98%E0%A4%B0-%E0%A4%A8%E0%A4%BF%E0%A4%B0%E0%A5%8D%E0%A4%AE%E0%A4%BE%E0%A4%A3-%E0%A4%95%E0%A4%BE%E0%A4%B0%E0%A5%8D%E0%A4%AF%E0%A4%95%E0%A5%8D%E0%A4%B0%E0%A4%AE-%E0%A4%B8%E0%A4%AE%E0%A5%8D%E0%A4%AC%E0%A4%A8%E0%A5%8D%E0%A4%A7%E0%A5%80-%E0%A4%B8%E0%A5%82%E0%A4%9A%E0%A4%A8%E0%A4%BE%E0%A5%A4
आवेदन फाराम भर्ने सम्बन्धी सूचना (गण्डकी बहुप्राविधिक शिक्षालय),No date,,/content/%E0%A4%86%E0%A4%B5%E0%A5%87%E0%A4%A6%E0%A4%A8-%E0%A4%AB%E0%A4%BE%E0%A4%B0%E0%A4%BE%E0%A4%AE-%E0%A4%AD%E0%A4%B0%E0%A5%8D%E0%A4%A8%E0%A5%87-%E0%A4%B8%E0%A4%AE%E0%A5%8D%E0%A4%AC%E0%A4%A8%E0%A5%8D%E0%A4%A7%E0%A5%80-%E0%A4%B8%E0%A5%82%E0%A4%9A%E0%A4%A8%E0%A4%BE-%E0%A4%97%E0%A4%A3%E0%A5%8D%E0%A4%A1%E0%A4%95%E0%A5%80-%E0%A4%AC%E0%A4%B9%E0%A5%81%E0%A4%AA%E0%A5%8D%E0%A4%B0%E0%A4%BE%E0%A4%B5%E0%A4%BF%E0%A4%A7%E0%A4%BF%E0%A4%95-%E0%A4%B6%E0%A4%BF%E0%A4%95%E0%A5%8D%E0%A4%B7%E0%A4%BE%E0%A4%B2%E0%A4%AF
रिक्त पदमा स्थायी शिक्षक सरुवा सम्बन्धी सूचना (श्री जनज्योति माध्यमिक विद्यालय पोखरा २८),No date,,/content/%E0%A4%B0%E0%A4%BF%E0%A4%95%E0%A5%8D%E0%A4%A4-%E0%A4%AA%E0%A4%A6%E0%A4%AE%E0%A4%BE-%E0%A4%B8%E0%A5%8D%E0%A4%A5%E0%A4%BE%E0%A4%AF%E0%A5%80-%E0%A4%B6%E0%A4%BF%E0%A4%95%E0%A5%8D%E0%A4%B7%E0%A4%95-%E0%A4%B8%E0%A4%B0%E0%A5%81%E0%A4%B5%E0%A4%BE-%E0%A4%B8%E0%A4%AE%E0%A5%8D%E0%A4%AC%E0%A4%A8%E0%A5%8D%E0%A4%A7%E0%A5%80-%E0%A4%B8%E0%A5%82%E0%A4%9A%E0%A4%A8%E0%A4%BE-%E0%A4%B6%E0%A5%8D%E0%A4%B0%E0%A5%80-%E0%A4%9C%E0%A4%A8%E0%A4%9C%E0%A5%8D%E0%A4%AF%E0%A5%8B%E0%A4%A4%E0%A4%BF-%E0%A4%AE%E0%A4%BE%E0%A4%A7%E0%A5%8D%E0%A4%AF%E0%A4%AE%E0%A4%BF%E0%A4%95-%E0%A4%B5%E0%A4%BF%E0%A4%A6%E0%A5%8D%E0%A4%AF%E0%A4%BE%E0%A4%B2%E0%A4%AF-%E0%A4%AA%E0%A5%8B%E0%A4%96%E0%A4%B0%E0%A4%BE-%E0%A5%A8%E0%A5%AE
रिक्त पदमा स्थायी शिक्षक सरुवा सम्बन्धी सूचना (श्री विन्ध्यवासिनी माध्यमिक विद्यालय पोखरा १६),No date,,/content/%E0%A4%B0%E0%A4%BF%E0%A4%95%E0%A5%8D%E0%A4%A4-%E0%A4%AA%E0%A4%A6%E0%A4%AE%E0%A4%BE-%E0%A4%B8%E0%A5%8D%E0%A4%A5%E0%A4%BE%E0%A4%AF%E0%A5%80-%E0%A4%B6%E0%A4%BF%E0%A4%95%E0%A5%8D%E0%A4%B7%E0%A4%95-%E0%A4%B8%E0%A4%B0%E0%A5%81%E0%A4%B5%E0%A4%BE-%E0%A4%B8%E0%A4%AE%E0%A5%8D%E0%A4%AC%E0%A4%A8%E0%A5%8D%E0%A4%A7%E0%A5%80-%E0%A4%B8%E0%A5%82%E0%A4%9A%E0%A4%A8%E0%A4%BE-%E0%A4%B6%E0%A5%8D%E0%A4%B0%E0%A5%80-%E0%A4%B5%E0%A4%BF%E0%A4%A8%E0%A5%8D%E0%A4%A7%E0%A5%8D%E0%A4%AF%E0%A4%B5%E0%A4%BE%E0%A4%B8%E0%A4%BF%E0%A4%A8%E0%A5%80-%E0%A4%AE%E0%A4%BE%E0%A4%A7%E0%A5%8D%E0%A4%AF%E0%A4%AE%E0%A4%BF%E0%A4%95-%E0%A4%B5%E0%A4%BF%E0%A4%A6%E0%A5%8D%E0%A4%AF%E0%A4%BE%E0%A4%B2%E0%A4%AF-%E0%A4%AA%E0%A5%8B%E0%A4%96%E0%A4%B0%E0%A4%BE-%E0%A5%A7%E0%A5%AC
सम्पति विवरण बुझाउने सम्बन्धी सूचना !,No date,,/content/%E0%A4%B8%E0%A4%AE%E0%A5%8D%E0%A4%AA%E0%A4%A4%E0%A4%BF-%E0%A4%B5%E0%A4%BF%E0%A4%B5%E0%A4%B0%E0%A4%A3-%E0%A4%AC%E0%A5%81%E0%A4%9D%E0%A4%BE%E0%A4%89%E0%A4%A8%E0%A5%87-%E0%A4%B8%E0%A4%AE%E0%A5%8D%E0%A4%AC%E0%A4%A8%E0%A5%8D%E0%A4%A7%E0%A5%80-%E0%A4%B8%E0%A5%82%E0%A4%9A%E0%A4%A8%E0%A4%BE
रिक्त पदमा उम्मेदवार छनौट गरिएको  सूचना !,No date,,/content/%E0%A4%B0%E0%A4%BF%E0%A4%95%E0%A5%8D%E0%A4%A4-%E0%A4%AA%E0%A4%A6%E0%A4%AE%E0%A4%BE-%E0%A4%89%E0%A4%AE%E0%A5%8D%E0%A4%AE%E0%A5%87%E0%A4%A6%E0%A4%B5%E0%A4%BE%E0%A4%B0-%E0%A4%9B%E0%A4%A8%E0%A5%8C%E0%A4%9F-%E0%A4%97%E0%A4%B0%E0%A4%BF%E0%A4%8F%E0%A4%95%E0%A5%8B-%E0%A4%B8%E0%A5%82%E0%A4%9A%E0%A4%A8%E0%A4%BE
चिकित्सा शिक्षाको अध्ययन छात्रवृत्ति सम्बन्धी नतिजा प्रकाशन गरिएको सूचना।,No date,,/content/%E0%A4%9A%E0%A4%BF%E0%A4%95%E0%A4%BF%E0%A4%A4%E0%A5%8D%E0%A4%B8%E0%A4%BE-%E0%A4%B6%E0%A4%BF%E0%A4%95%E0%A5%8D%E0%A4%B7%E0%A4%BE%E0%A4%95%E0%A5%8B-%E0%A4%85%E0%A4%A7%E0%A5%8D%E0%A4%AF%E0%A4%AF%E0%A4%A8-%E0%A4%9B%E0%A4%BE%E0%A4%A4%E0%A5%8D%E0%A4%B0%E0%A4%B5%E0%A5%83%E0%A4%A4%E0%A5%8D%E0%A4%A4%E0%A4%BF-%E0%A4%B8%E0%A4%AE%E0%A5%8D%E0%A4%AC%E0%A4%A8%E0%A5%8D%E0%A4%A7%E0%A5%80-%E0%A4%A8%E0%A4%A4%E0%A4%BF%E0%A4%9C%E0%A4%BE-%E0%A4%AA%E0%A5%8D%E0%A4%B0%E0%A4%95%E0%A4%BE%E0%A4%B6%E0%A4%A8-%E0%A4%97%E0%A4%B0%E0%A4%BF%E0%A4%8F%E0%A4%95%E0%A5%8B-%E0%A4%B8%E0%A5%82%E0%A4%9A%E0%A4%A8%E0%A4%BE%E0%A5%A4
"स्थानीय सेवा (गठन तथा सञ्चालन) ऐन, २०७९ बमोजिम तह / स्तर वृद्धि गर्ने सम्बन्धी सूचना।",No date,,/content/%E0%A4%B8%E0%A5%8D%E0%A4%A5%E0%A4%BE%E0%A4%A8%E0%A5%80%E0%A4%AF-%E0%A4%B8%E0%A5%87%E0%A4%B5%E0%A4%BE-%E0%A4%97%E0%A4%A0%E0%A4%A8-%E0%A4%A4%E0%A4%A5%E0%A4%BE-%E0%A4%B8%E0%A4%9E%E0%A5%8D%E0%A4%9A%E0%A4%BE%E0%A4%B2%E0%A4%A8-%E0%A4%90%E0%A4%A8-%E0%A5%A8%E0%A5%A6%E0%A5%AD%E0%A5%AF-%E0%A4%AC%E0%A4%AE%E0%A5%8B%E0%A4%9C%E0%A4%BF%E0%A4%AE-%E0%A4%A4%E0%A4%B9-%E0%A4%B8%E0%A5%8D%E0%A4%A4%E0%A4%B0-%E0%A4%B5%E0%A5%83%E0%A4%A6%E0%A5%8D%E0%A4%A7%E0%A4%BF-%E0%A4%97%E0%A4%B0%E0%A5%8D%E0%A4%A8%E0%A5%87-%E0%A4%B8%E0%A4%AE%E0%A5%8D%E0%A4%AC%E0%A4%A8%E0%A5%8D%E0%A4%A7%E0%A5%80-%E0%A4%B8%E0%A5%82%E0%A4%9A%E0%A4%A8%E0%A4%BE%E0%A5%A4
नतिजा प्रकाशन (SEE Graduates for Grade 11),No date,,/content/%E0%A4%A8%E0%A4%A4%E0%A4%BF%E0%A4%9C%E0%A4%BE-%E0%A4%AA%E0%A5%8D%E0%A4%B0%E0%A4%95%E0%A4%BE%E0%A4%B6%E0%A4%A8-see-graduates-grade-11
जलश्रोतको मुहान दर्ता सम्बन्धमा सुझाव वा दाबी विरोध पेस गर्ने सम्बन्धी सार्वजनिक सूचना (पोखरा २४),No date,,/content/%E0%A4%9C%E0%A4%B2%E0%A4%B6%E0%A5%8D%E0%A4%B0%E0%A5%8B%E0%A4%A4%E0%A4%95%E0%A5%8B-%E0%A4%AE%E0%A5%81%E0%A4%B9%E0%A4%BE%E0%A4%A8-%E0%A4%A6%E0%A4%B0%E0%A5%8D%E0%A4%A4%E0%A4%BE-%E0%A4%B8%E0%A4%AE%E0%A5%8D%E0%A4%AC%E0%A4%A8%E0%A5%8D%E0%A4%A7%E0%A4%AE%E0%A4%BE-%E0%A4%B8%E0%A5%81%E0%A4%9D%E0%A4%BE%E0%A4%B5-%E0%A4%B5%E0%A4%BE-%E0%A4%A6%E0%A4%BE%E0%A4%AC%E0%A5%80-%E0%A4%B5%E0%A4%BF%E0%A4%B0%E0%A5%8B%E0%A4%A7-%E0%A4%AA%E0%A5%87%E0%A4%B8-%E0%A4%97%E0%A4%B0%E0%A5%8D%E0%A4%A8%E0%A5%87-%E0%A4%B8%E0%A4%AE%E0%A5%8D%E0%A4%AC%E0%A4%A8%E0%A5%8D%E0%A4%A7%E0%A5%80-%E0%A4%B8%E0%A4%BE%E0%A4%B0%E0%A5%8D%E0%A4%B5%E0%A4%9C%E0%A4%A8%E0%A4%BF%E0%A4%95-%E0%A4%B8%E0%A5%82%E0%A4%9A%E0%A4%A8%E0%A4%BE-3
"रिक्त पदमा स्थायी शिक्षक सरुवा सम्बन्धी सूचना (श्री कृष्ण माध्यमिक विद्यालय, पोखरा ७)",No date,,/content/%E0%A4%B0%E0%A4%BF%E0%A4%95%E0%A5%8D%E0%A4%A4-%E0%A4%AA%E0%A4%A6%E0%A4%AE%E0%A4%BE-%E0%A4%B8%E0%A5%8D%E0%A4%A5%E0%A4%BE%E0%A4%AF%E0%A5%80-%E0%A4%B6%E0%A4%BF%E0%A4%95%E0%A5%8D%E0%A4%B7%E0%A4%95-%E0%A4%B8%E0%A4%B0%E0%A5%81%E0%A4%B5%E0%A4%BE-%E0%A4%B8%E0%A4%AE%E0%A5%8D%E0%A4%AC%E0%A4%A8%E0%A5%8D%E0%A4%A7%E0%A5%80-%E0%A4%B8%E0%A5%82%E0%A4%9A%E0%A4%A8%E0%A4%BE-%E0%A4%B6%E0%A5%8D%E0%A4%B0%E0%A5%80-%E0%A4%95%E0%A5%83%E0%A4%B7%E0%A5%8D%E0%A4%A3-%E0%A4%AE%E0%A4%BE%E0%A4%A7%E0%A5%8D%E0%A4%AF%E0%A4%AE%E0%A4%BF%E0%A4%95-%E0%A4%B5%E0%A4%BF%E0%A4%A6%E0%A5%8D%E0%A4%AF%E0%A4%BE%E0%A4%B2%E0%A4%AF-%E0%A4%AA%E0%A5%8B%E0%A4%96%E0%A4%B0%E0%A4%BE-%E0%A5%AD-0
सार्वजनिक सुनुवाई कार्यक्रम सम्बन्धी सूचना।,No date,,/content/%E0%A4%B8%E0%A4%BE%E0%A4%B0%E0%A5%8D%E0%A4%B5%E0%A4%9C%E0%A4%A8%E0%A4%BF%E0%A4%95-%E0%A4%B8%E0%A5%81%E0%A4%A8%E0%A5%81%E0%A4%B5%E0%A4%BE%E0%A4%88-%E0%A4%95%E0%A4%BE%E0%A4%B0%E0%A5%8D%E0%A4%AF%E0%A4%95%E0%A5%8D%E0%A4%B0%E0%A4%AE-%E0%A4%B8%E0%A4%AE%E0%A5%8D%E0%A4%AC%E0%A4%A8%E0%A5%8D%E0%A4%A7%E0%A5%80-%E0%A4%B8%E0%A5%82%E0%A4%9A%E0%A4%A8%E0%A4%BE%E0%A5%A4
कक्षा-११ विद्यार्थी भर्ना तथा प्रवेश परीक्षा सम्बन्धमा।,No date,,/content/%E0%A4%95%E0%A4%95%E0%A5%8D%E0%A4%B7%E0%A4%BE-%E0%A5%A7%E0%A5%A7-%E0%A4%B5%E0%A4%BF%E0%A4%A6%E0%A5%8D%E0%A4%AF%E0%A4%BE%E0%A4%B0%E0%A5%8D%E0%A4%A5%E0%A5%80-%E0%A4%AD%E0%A4%B0%E0%A5%8D%E0%A4%A8%E0%A4%BE-%E0%A4%A4%E0%A4%A5%E0%A4%BE-%E0%A4%AA%E0%A5%8D%E0%A4%B0%E0%A4%B5%E0%A5%87%E0%A4%B6-%E0%A4%AA%E0%A4%B0%E0%A5%80%E0%A4%95%E0%A5%8D%E0%A4%B7%E0%A4%BE-%E0%A4%B8%E0%A4%AE%E0%A5%8D%E0%A4%AC%E0%A4%A8%E0%A5%8D%E0%A4%A7%E0%A4%AE%E0%A4%BE%E0%A5%A4
Scholarship Notice for SEE Graduates,No date,,/content/scholarship-notice-see-graduates
"रिक्त पदमा स्थायी शिक्षक सरुवा सम्बन्धी सूचना (श्री सिमला आधारभूत विद्यालय, पोखरा १३)",No date,,/content/%E0%A4%B0%E0%A4%BF%E0%A4%95%E0%A5%8D%E0%A4%A4-%E0%A4%AA%E0%A4%A6%E0%A4%AE%E0%A4%BE-%E0%A4%B8%E0%A5%8D%E0%A4%A5%E0%A4%BE%E0%A4%AF%E0%A5%80-%E0%A4%B6%E0%A4%BF%E0%A4%95%E0%A5%8D%E0%A4%B7%E0%A4%95-%E0%A4%B8%E0%A4%B0%E0%A5%81%E0%A4%B5%E0%A4%BE-%E0%A4%B8%E0%A4%AE%E0%A5%8D%E0%A4%AC%E0%A4%A8%E0%A5%8D%E0%A4%A7%E0%A5%80-%E0%A4%B8%E0%A5%82%E0%A4%9A%E0%A4%A8%E0%A4%BE-%E0%A4%B6%E0%A5%8D%E0%A4%B0%E0%A5%80-%E0%A4%B8%E0%A4%BF%E0%A4%AE%E0%A4%B2%E0%A4%BE-%E0%A4%86%E0%A4%A7%E0%A4%BE%E0%A4%B0%E0%A4%AD%E0%A5%82%E0%A4%A4-%E0%A4%B5%E0%A4%BF%E0%A4%A6%E0%A5%8D%E0%A4%AF%E0%A4%BE%E0%A4%B2%E0%A4%AF-%E0%A4%AA%E0%A5%8B%E0%A4%96%E0%A4%B0%E0%A4%BE-%E0%A5%A7%E0%A5%A9
चिकित्सा शिक्षाको छात्रवृत्तिमा आवेदन पेस गर्ने सम्बन्धी सूचना!,No date,,/content/%E0%A4%9A%E0%A4%BF%E0%A4%95%E0%A4%BF%E0%A4%A4%E0%A5%8D%E0%A4%B8%E0%A4%BE-%E0%A4%B6%E0%A4%BF%E0%A4%95%E0%A5%8D%E0%A4%B7%E0%A4%BE%E0%A4%95%E0%A5%8B-%E0%A4%9B%E0%A4%BE%E0%A4%A4%E0%A5%8D%E0%A4%B0%E0%A4%B5%E0%A5%83%E0%A4%A4%E0%A5%8D%E0%A4%A4%E0%A4%BF%E0%A4%AE%E0%A4%BE-%E0%A4%86%E0%A4%B5%E0%A5%87%E0%A4%A6%E0%A4%A8-%E0%A4%AA%E0%A5%87%E0%A4%B8-%E0%A4%97%E0%A4%B0%E0%A5%8D%E0%A4%A8%E0%A5%87-%E0%A4%B8%E0%A4%AE%E0%A5%8D%E0%A4%AC%E0%A4%A8%E0%A5%8D%E0%A4%A7%E0%A5%80-%E0%A4%B8%E0%A5%82%E0%A4%9A%E0%A4%A8%E0%A4%BE
"रिक्त पदमा स्थायी शिक्षक सरुवा सम्बन्धी सूचना (श्री अन्नपूर्ण आधारभूत विद्यालय, पोखरा ६)",No date,,/content/%E0%A4%B0%E0%A4%BF%E0%A4%95%E0%A5%8D%E0%A4%A4-%E0%A4%AA%E0%A4%A6%E0%A4%AE%E0%A4%BE-%E0%A4%B8%E0%A5%8D%E0%A4%A5%E0%A4%BE%E0%A4%AF%E0%A5%80-%E0%A4%B6%E0%A4%BF%E0%A4%95%E0%A5%8D%E0%A4%B7%E0%A4%95-%E0%A4%B8%E0%A4%B0%E0%A5%81%E0%A4%B5%E0%A4%BE-%E0%A4%B8%E0%A4%AE%E0%A5%8D%E0%A4%AC%E0%A4%A8%E0%A5%8D%E0%A4%A7%E0%A5%80-%E0%A4%B8%E0%A5%82%E0%A4%9A%E0%A4%A8%E0%A4%BE-%E0%A4%B6%E0%A5%8D%E0%A4%B0%E0%A5%80-%E0%A4%85%E0%A4%A8%E0%A5%8D%E0%A4%A8%E0%A4%AA%E0%A5%82%E0%A4%B0%E0%A5%8D%E0%A4%A3-%E0%A4%86%E0%A4%A7%E0%A4%BE%E0%A4%B0%E0%A4%AD%E0%A5%82%E0%A4%A4-%E0%A4%B5%E0%A4%BF%E0%A4%A6%E0%A5%8D%E0%A4%AF%E0%A4%BE%E0%A4%B2%E0%A4%AF-%E0%A4%AA%E0%A5%8B%E0%A4%96%E0%A4%B0%E0%A4%BE-%E0%A5%AC
"रिक्त पदमा स्थायी शिक्षक सरुवा सम्बन्धी सूचना (श्री  गौरीशंकार आधारभूत विद्यालय, पोखरा २५)",No date,,/content/%E0%A4%B0%E0%A4%BF%E0%A4%95%E0%A5%8D%E0%A4%A4-%E0%A4%AA%E0%A4%A6%E0%A4%AE%E0%A4%BE-%E0%A4%B8%E0%A5%8D%E0%A4%A5%E0%A4%BE%E0%A4%AF%E0%A5%80-%E0%A4%B6%E0%A4%BF%E0%A4%95%E0%A5%8D%E0%A4%B7%E0%A4%95-%E0%A4%B8%E0%A4%B0%E0%A5%81%E0%A4%B5%E0%A4%BE-%E0%A4%B8%E0%A4%AE%E0%A5%8D%E0%A4%AC%E0%A4%A8%E0%A5%8D%E0%A4%A7%E0%A5%80-%E0%A4%B8%E0%A5%82%E0%A4%9A%E0%A4%A8%E0%A4%BE-%E0%A4%B6%E0%A5%8D%E0%A4%B0%E0%A5%80-%E0%A4%97%E0%A5%8C%E0%A4%B0%E0%A5%80%E0%A4%B6%E0%A4%82%E0%A4%95%E0%A4%BE%E0%A4%B0-%E0%A4%86%E0%A4%A7%E0%A4%BE%E0%A4%B0%E0%A4%AD%E0%A5%82%E0%A4%A4-%E0%A4%B5%E0%A4%BF%E0%A4%A6%E0%A5%8D%E0%A4%AF%E0%A4%BE%E0%A4%B2%E0%A4%AF-%E0%A4%AA%E0%A5%8B%E0%A4%96%E0%A4%B0%E0%A4%BE-%E0%A5%A8%E0%A5%AB
विपन्न नागरिक उपचार कोष बमोजिम उपचार सिफारिस भएका विपन्न नागरिकको विवरण (२०८२ वैशाख),No date,,/content/%E0%A4%B5%E0%A4%BF%E0%A4%AA%E0%A4%A8%E0%A5%8D%E0%A4%A8-%E0%A4%A8%E0%A4%BE%E0%A4%97%E0%A4%B0%E0%A4%BF%E0%A4%95-%E0%A4%89%E0%A4%AA%E0%A4%9A%E0%A4%BE%E0%A4%B0-%E0%A4%95%E0%A5%8B%E0%A4%B7-%E0%A4%AC%E0%A4%AE%E0%A5%8B%E0%A4%9C%E0%A4%BF%E0%A4%AE-%E0%A4%89%E0%A4%AA%E0%A4%9A%E0%A4%BE%E0%A4%B0-%E0%A4%B8%E0%A4%BF%E0%A4%AB%E0%A4%BE%E0%A4%B0%E0%A4%BF%E0%A4%B8-%E0%A4%AD%E0%A4%8F%E0%A4%95%E0%A4%BE-%E0%A4%B5%E0%A4%BF%E0%A4%AA%E0%A4%A8%E0%A5%8D%E0%A4%A8-%E0%A4%A8%E0%A4%BE%E0%A4%97%E0%A4%B0%E0%A4%BF%E0%A4%95%E0%A4%95%E0%A5%8B-%E0%A4%B5%E0%A4%BF%E0%A4%B5%E0%A4%B0%E0%A4%A3-%E0%A5%A8%E0%A5%A6%E0%A5%AE%E0%A5%A8-%E0%A4%B5%E0%A5%88%E0%A4%B6%E0%A4%BE%E0%A4%96
१५ औँ कास्की जिल्ला स्तरीय राष्ट्रपति रनिङ शिल्ड प्रतियोगिताको लागि पालिका खेलाडी छनोट प्रतियोगितामा सहभागी पठाइ दिने सम्बन्धी अत्यन्त जरुरी सूचना !,No date,,/content/%E0%A5%A7%E0%A5%AB-%E0%A4%94%E0%A4%81-%E0%A4%95%E0%A4%BE%E0%A4%B8%E0%A5%8D%E0%A4%95%E0%A5%80-%E0%A4%9C%E0%A4%BF%E0%A4%B2%E0%A5%8D%E0%A4%B2%E0%A4%BE-%E0%A4%B8%E0%A5%8D%E0%A4%A4%E0%A4%B0%E0%A5%80%E0%A4%AF-%E0%A4%B0%E0%A4%BE%E0%A4%B7%E0%A5%8D%E0%A4%9F%E0%A5%8D%E0%A4%B0%E0%A4%AA%E0%A4%A4%E0%A4%BF-%E0%A4%B0%E0%A4%A8%E0%A4%BF%E0%A4%99-%E0%A4%B6%E0%A4%BF%E0%A4%B2%E0%A5%8D%E0%A4%A1-%E0%A4%AA%E0%A5%8D%E0%A4%B0%E0%A4%A4%E0%A4%BF%E0%A4%AF%E0%A5%8B%E0%A4%97%E0%A4%BF%E0%A4%A4%E0%A4%BE%E0%A4%95%E0%A5%8B-%E0%A4%B2%E0%A4%BE%E0%A4%97%E0%A4%BF-%E0%A4%AA%E0%A4%BE%E0%A4%B2%E0%A4%BF%E0%A4%95%E0%A4%BE-%E0%A4%96%E0%A5%87%E0%A4%B2%E0%A4%BE%E0%A4%A1%E0%A5%80-%E0%A4%9B%E0%A4%A8%E0%A5%8B%E0%A4%9F
पदपूर्ति सम्बन्धी सूचना !,No date,,/content/%E0%A4%AA%E0%A4%A6%E0%A4%AA%E0%A5%82%E0%A4%B0%E0%A5%8D%E0%A4%A4%E0%A4%BF-%E0%A4%B8%E0%A4%AE%E0%A5%8D%E0%A4%AC%E0%A4%A8%E0%A5%8D%E0%A4%A7%E0%A5%80-%E0%A4%B8%E0%A5%82%E0%A4%9A%E0%A4%A8%E0%A4%BE
"रिक्त पदमा स्थायी शिक्षक सरुवा सम्बन्धी सूचना (श्री त्रिभुवन शान्ति माध्यमिक विद्यालय, पोखरा ३०)",No date,,/content/%E0%A4%B0%E0%A4%BF%E0%A4%95%E0%A5%8D%E0%A4%A4-%E0%A4%AA%E0%A4%A6%E0%A4%AE%E0%A4%BE-%E0%A4%B8%E0%A5%8D%E0%A4%A5%E0%A4%BE%E0%A4%AF%E0%A5%80-%E0%A4%B6%E0%A4%BF%E0%A4%95%E0%A5%8D%E0%A4%B7%E0%A4%95-%E0%A4%B8%E0%A4%B0%E0%A5%81%E0%A4%B5%E0%A4%BE-%E0%A4%B8%E0%A4%AE%E0%A5%8D%E0%A4%AC%E0%A4%A8%E0%A5%8D%E0%A4%A7%E0%A5%80-%E0%A4%B8%E0%A5%82%E0%A4%9A%E0%A4%A8%E0%A4%BE-%E0%A4%B6%E0%A5%8D%E0%A4%B0%E0%A5%80-%E0%A4%A4%E0%A5%8D%E0%A4%B0%E0%A4%BF%E0%A4%AD%E0%A5%81%E0%A4%B5%E0%A4%A8-%E0%A4%B6%E0%A4%BE%E0%A4%A8%E0%A5%8D%E0%A4%A4%E0%A4%BF-%E0%A4%AE%E0%A4%BE%E0%A4%A7%E0%A5%8D%E0%A4%AF%E0%A4%AE%E0%A4%BF%E0%A4%95-%E0%A4%B5%E0%A4%BF%E0%A4%A6%E0%A5%8D%E0%A4%AF%E0%A4%BE%E0%A4%B2%E0%A4%AF-%E0%A4%AA%E0%A5%8B%E0%A4%96%E0%A4%B0%E0%A4%BE
पोखरा महानगपालिका भवन नियमित तथा अभिलेखिकरण सम्बन्धी अत्यन्त जरुरी सूचना !!!,No date,,/content/%E0%A4%AA%E0%A5%8B%E0%A4%96%E0%A4%B0%E0%A4%BE-%E0%A4%AE%E0%A4%B9%E0%A4%BE%E0%A4%A8%E0%A4%97%E0%A4%AA%E0%A4%BE%E0%A4%B2%E0%A4%BF%E0%A4%95%E0%A4%BE-%E0%A4%AD%E0%A4%B5%E0%A4%A8-%E0%A4%A8%E0%A4%BF%E0%A4%AF%E0%A4%AE%E0%A4%BF%E0%A4%A4-%E0%A4%A4%E0%A4%A5%E0%A4%BE-%E0%A4%85%E0%A4%AD%E0%A4%BF%E0%A4%B2%E0%A5%87%E0%A4%96%E0%A4%BF%E0%A4%95%E0%A4%B0%E0%A4%A3-%E0%A4%B8%E0%A4%AE%E0%A5%8D%E0%A4%AC%E0%A4%A8%E0%A5%8D%E0%A4%A7%E0%A5%80-%E0%A4%85%E0%A4%A4%E0%A5%8D%E0%A4%AF%E0%A4%A8%E0%A5%8D%E0%A4%A4-%E0%A4%9C%E0%A4%B0%E0%A5%81%E0%A4%B0%E0%A5%80-%E0%A4%B8%E0%A5%82%E0%A4%9A%E0%A4%A8%E0%A4%BE
सीप विकास सञ्चालन गर्न प्रस्ताव पेश सम्बन्धी सूचना,No date,,/content/%E0%A4%B8%E0%A5%80%E0%A4%AA-%E0%A4%B5%E0%A4%BF%E0%A4%95%E0%A4%BE%E0%A4%B8-%E0%A4%B8%E0%A4%9E%E0%A5%8D%E0%A4%9A%E0%A4%BE%E0%A4%B2%E0%A4%A8-%E0%A4%97%E0%A4%B0%E0%A5%8D%E0%A4%A8-%E0%A4%AA%E0%A5%8D%E0%A4%B0%E0%A4%B8%E0%A5%8D%E0%A4%A4%E0%A4%BE%E0%A4%B5-%E0%A4%AA%E0%A5%87%E0%A4%B6-%E0%A4%B8%E0%A4%AE%E0%A5%8D%E0%A4%AC%E0%A4%A8%E0%A5%8D%E0%A4%A7%E0%A5%80-%E0%A4%B8%E0%A5%82%E0%A4%9A%E0%A4%A8%E0%A4%BE
"रिक्त पदमा स्थायी शिक्षक सरुवा सम्बन्धी सूचना (श्री तालवारही माध्यमिक विद्यालय, पोखरा ६)",No date,,/content/%E0%A4%B0%E0%A4%BF%E0%A4%95%E0%A5%8D%E0%A4%A4-%E0%A4%AA%E0%A4%A6%E0%A4%AE%E0%A4%BE-%E0%A4%B8%E0%A5%8D%E0%A4%A5%E0%A4%BE%E0%A4%AF%E0%A5%80-%E0%A4%B6%E0%A4%BF%E0%A4%95%E0%A5%8D%E0%A4%B7%E0%A4%95-%E0%A4%B8%E0%A4%B0%E0%A5%81%E0%A4%B5%E0%A4%BE-%E0%A4%B8%E0%A4%AE%E0%A5%8D%E0%A4%AC%E0%A4%A8%E0%A5%8D%E0%A4%A7%E0%A5%80-%E0%A4%B8%E0%A5%82%E0%A4%9A%E0%A4%A8%E0%A4%BE-%E0%A4%B6%E0%A5%8D%E0%A4%B0%E0%A5%80-%E0%A4%A4%E0%A4%BE%E0%A4%B2%E0%A4%B5%E0%A4%BE%E0%A4%B0%E0%A4%B9%E0%A5%80-%E0%A4%AE%E0%A4%BE%E0%A4%A7%E0%A5%8D%E0%A4%AF%E0%A4%AE%E0%A4%BF%E0%A4%95-%E0%A4%B5%E0%A4%BF%E0%A4%A6%E0%A5%8D%E0%A4%AF%E0%A4%BE%E0%A4%B2%E0%A4%AF-%E0%A4%AA%E0%A5%8B%E0%A4%96%E0%A4%B0%E0%A4%BE-%E0%A5%AC
ग्रेड वृद्धि पूरक परिक्षा-२०८१ को परीक्षा केन्द्र एवं समय तालिका सम्बन्धमा।,No date,,/content/%E0%A4%97%E0%A5%8D%E0%A4%B0%E0%A5%87%E0%A4%A1-%E0%A4%B5%E0%A5%83%E0%A4%A6%E0%A5%8D%E0%A4%A7%E0%A4%BF-%E0%A4%AA%E0%A5%82%E0%A4%B0%E0%A4%95-%E0%A4%AA%E0%A4%B0%E0%A4%BF%E0%A4%95%E0%A5%8D%E0%A4%B7%E0%A4%BE-%E0%A5%A8%E0%A5%A6%E0%A5%AE%E0%A5%A7-%E0%A4%95%E0%A5%8B-%E0%A4%AA%E0%A4%B0%E0%A5%80%E0%A4%95%E0%A5%8D%E0%A4%B7%E0%A4%BE-%E0%A4%95%E0%A5%87%E0%A4%A8%E0%A5%8D%E0%A4%A6%E0%A5%8D%E0%A4%B0-%E0%A4%8F%E0%A4%B5%E0%A4%82-%E0%A4%B8%E0%A4%AE%E0%A4%AF-%E0%A4%A4%E0%A4%BE%E0%A4%B2%E0%A4%BF%E0%A4%95%E0%A4%BE-%E0%A4%B8%E0%A4%AE%E0%A5%8D%E0%A4%AC%E0%A4%A8%E0%A5%8D%E0%A4%A7%E0%A4%AE%E0%A4%BE%E0%A5%A4
जलश्रोतको मुहान दर्ता सम्बन्धमा सुझाव वा दाबी विरोध पेस गर्ने सम्बन्धी सार्वजनिक सूचना (पोखरा २८),No date,,/content/%E0%A4%9C%E0%A4%B2%E0%A4%B6%E0%A5%8D%E0%A4%B0%E0%A5%8B%E0%A4%A4%E0%A4%95%E0%A5%8B-%E0%A4%AE%E0%A5%81%E0%A4%B9%E0%A4%BE%E0%A4%A8-%E0%A4%A6%E0%A4%B0%E0%A5%8D%E0%A4%A4%E0%A4%BE-%E0%A4%B8%E0%A4%AE%E0%A5%8D%E0%A4%AC%E0%A4%A8%E0%A5%8D%E0%A4%A7%E0%A4%AE%E0%A4%BE-%E0%A4%B8%E0%A5%81%E0%A4%9D%E0%A4%BE%E0%A4%B5-%E0%A4%B5%E0%A4%BE-%E0%A4%A6%E0%A4%BE%E0%A4%AC%E0%A5%80-%E0%A4%B5%E0%A4%BF%E0%A4%B0%E0%A5%8B%E0%A4%A7-%E0%A4%AA%E0%A5%87%E0%A4%B8-%E0%A4%97%E0%A4%B0%E0%A5%8D%E0%A4%A8%E0%A5%87-%E0%A4%B8%E0%A4%AE%E0%A5%8D%E0%A4%AC%E0%A4%A8%E0%A5%8D%E0%A4%A7%E0%A5%80-%E0%A4%B8%E0%A4%BE%E0%A4%B0%E0%A5%8D%E0%A4%B5%E0%A4%9C%E0%A4%A8%E0%A4%BF%E0%A4%95-%E0%A4%B8%E0%A5%82%E0%A4%9A%E0%A4%A8%E0%A4%BE-2
"स्वतः प्रकाशन (२०८१ माघ १ गते देखि २०८१ चैत्र मसान्त सम्म) सूचनाको हक सम्बन्धी ऐन, २०६४ को दफा ५(३) र सूचनाको हक सम्बन्धी नियमावली, २०६५ को नियम ३ बमोजिम सार्वजनिक गरिएको सूचना विवरण।",No date,,/content/%E0%A4%B8%E0%A5%8D%E0%A4%B5%E0%A4%A4%E0%A4%83-%E0%A4%AA%E0%A5%8D%E0%A4%B0%E0%A4%95%E0%A4%BE%E0%A4%B6%E0%A4%A8-%E0%A5%A8%E0%A5%A6%E0%A5%AE%E0%A5%A7-%E0%A4%AE%E0%A4%BE%E0%A4%98-%E0%A5%A7-%E0%A4%97%E0%A4%A4%E0%A5%87-%E0%A4%A6%E0%A5%87%E0%A4%96%E0%A4%BF-%E0%A5%A8%E0%A5%A6%E0%A5%AE%E0%A5%A7-%E0%A4%9A%E0%A5%88%E0%A4%A4%E0%A5%8D%E0%A4%B0-%E0%A4%AE%E0%A4%B8%E0%A4%BE%E0%A4%A8%E0%A5%8D%E0%A4%A4-%E0%A4%B8%E0%A4%AE%E0%A5%8D%E0%A4%AE-%E0%A4%B8%E0%A5%82%E0%A4%9A%E0%A4%A8%E0%A4%BE%E0%A4%95%E0%A5%8B-%E0%A4%B9%E0%A4%95-%E0%A4%B8%E0%A4%AE%E0%A5%8D%E0%A4%AC%E0%A4%A8%E0%A5%8D%E0%A4%A7%E0%A5%80-%E0%A4%90%E0%A4%A8-%E0%A5%A8%E0%A5%A6%E0%A5%AC%E0%A5%AA-%E0%A4%95%E0%A5%8B-%E0%A4%A6%E0%A4%AB%E0%A4%BE
विद्यालय सञ्चालन सम्बन्धमा।,No date,,/content/%E0%A4%B5%E0%A4%BF%E0%A4%A6%E0%A5%8D%E0%A4%AF%E0%A4%BE%E0%A4%B2%E0%A4%AF-%E0%A4%B8%E0%A4%9E%E0%A5%8D%E0%A4%9A%E0%A4%BE%E0%A4%B2%E0%A4%A8-%E0%A4%B8%E0%A4%AE%E0%A5%8D%E0%A4%AC%E0%A4%A8%E0%A5%8D%E0%A4%A7%E0%A4%AE%E0%A4%BE%E0%A5%A4
विपन्न नागरिक उपचार कोष बमोजिम उपचार सिफारिस भएका विपन्न नागरिकको विवरण (२०८१ चैत्र),No date,,/content/%E0%A4%B5%E0%A4%BF%E0%A4%AA%E0%A4%A8%E0%A5%8D%E0%A4%A8-%E0%A4%A8%E0%A4%BE%E0%A4%97%E0%A4%B0%E0%A4%BF%E0%A4%95-%E0%A4%89%E0%A4%AA%E0%A4%9A%E0%A4%BE%E0%A4%B0-%E0%A4%95%E0%A5%8B%E0%A4%B7-%E0%A4%AC%E0%A4%AE%E0%A5%8B%E0%A4%9C%E0%A4%BF%E0%A4%AE-%E0%A4%89%E0%A4%AA%E0%A4%9A%E0%A4%BE%E0%A4%B0-%E0%A4%B8%E0%A4%BF%E0%A4%AB%E0%A4%BE%E0%A4%B0%E0%A4%BF%E0%A4%B8-%E0%A4%AD%E0%A4%8F%E0%A4%95%E0%A4%BE-%E0%A4%B5%E0%A4%BF%E0%A4%AA%E0%A4%A8%E0%A5%8D%E0%A4%A8-%E0%A4%A8%E0%A4%BE%E0%A4%97%E0%A4%B0%E0%A4%BF%E0%A4%95%E0%A4%95%E0%A5%8B-%E0%A4%B5%E0%A4%BF%E0%A4%B5%E0%A4%B0%E0%A4%A3-%E0%A5%A8%E0%A5%A6%E0%A5%AE%E0%A5%A7-%E0%A4%9A%E0%A5%88%E0%A4%A4%E0%A5%8D%E0%A4%B0
ग्रेड वृद्धि पूरक परिक्षा-२०८१ को परीक्षा स्थगित गरिएको सम्बन्धमा।,No date,,/content/%E0%A4%97%E0%A5%8D%E0%A4%B0%E0%A5%87%E0%A4%A1-%E0%A4%B5%E0%A5%83%E0%A4%A6%E0%A5%8D%E0%A4%A7%E0%A4%BF-%E0%A4%AA%E0%A5%82%E0%A4%B0%E0%A4%95-%E0%A4%AA%E0%A4%B0%E0%A4%BF%E0%A4%95%E0%A5%8D%E0%A4%B7%E0%A4%BE-%E0%A5%A8%E0%A5%A6%E0%A5%AE%E0%A5%A7-%E0%A4%95%E0%A5%8B-%E0%A4%AA%E0%A4%B0%E0%A5%80%E0%A4%95%E0%A5%8D%E0%A4%B7%E0%A4%BE-%E0%A4%B8%E0%A5%8D%E0%A4%A5%E0%A4%97%E0%A4%BF%E0%A4%A4-%E0%A4%97%E0%A4%B0%E0%A4%BF%E0%A4%8F%E0%A4%95%E0%A5%8B-%E0%A4%B8%E0%A4%AE%E0%A5%8D%E0%A4%AC%E0%A4%A8%E0%A5%8D%E0%A4%A7%E0%A4%AE%E0%A4%BE%E0%A5%A4
नयाँ शैक्षिक सत्र मिति २०८२/०१/११ गते बिहीबारबाट सुचारु गराउने सम्बन्धी शिक्षा महाशाखाको सूचना ।,No date,,/content/%E0%A4%A8%E0%A4%AF%E0%A4%BE%E0%A4%81-%E0%A4%B6%E0%A5%88%E0%A4%95%E0%A5%8D%E0%A4%B7%E0%A4%BF%E0%A4%95-%E0%A4%B8%E0%A4%A4%E0%A5%8D%E0%A4%B0-%E0%A4%AE%E0%A4%BF%E0%A4%A4%E0%A4%BF-%E0%A5%A8%E0%A5%A6%E0%A5%AE%E0%A5%A8%E0%A5%A6%E0%A5%A7%E0%A5%A7%E0%A5%A7-%E0%A4%97%E0%A4%A4%E0%A5%87-%E0%A4%AC%E0%A4%BF%E0%A4%B9%E0%A5%80%E0%A4%AC%E0%A4%BE%E0%A4%B0%E0%A4%AC%E0%A4%BE%E0%A4%9F-%E0%A4%B8%E0%A5%81%E0%A4%9A%E0%A4%BE%E0%A4%B0%E0%A5%81-%E0%A4%97%E0%A4%B0%E0%A4%BE%E0%A4%89%E0%A4%A8%E0%A5%87-%E0%A4%B8%E0%A4%AE%E0%A5%8D%E0%A4%AC%E0%A4%A8%E0%A5%8D%E0%A4%A7%E0%A5%80-%E0%A4%B6%E0%A4%BF%E0%A4%95%E0%A5%8D%E0%A4%B7%E0%A4%BE-%E0%A4%AE%E0%A4%B9%E0%A4%BE%E0%A4%B6%E0%A4%BE%E0%A4%96%E0%A4%BE%E0%A4%95%E0%A5%8B-%E0%A4%B8%E0%A5%82%E0%A4%9A%E0%A4%A8%E0%A4%BE
"रिक्त पदमा स्थायी शिक्षक सरुवा सम्बन्धी सूचना (श्री विन्द्यवासिनी माध्यमिक विद्यालय, पोखरा १६)",No date,,/content/%E0%A4%B0%E0%A4%BF%E0%A4%95%E0%A5%8D%E0%A4%A4-%E0%A4%AA%E0%A4%A6%E0%A4%AE%E0%A4%BE-%E0%A4%B8%E0%A5%8D%E0%A4%A5%E0%A4%BE%E0%A4%AF%E0%A5%80-%E0%A4%B6%E0%A4%BF%E0%A4%95%E0%A5%8D%E0%A4%B7%E0%A4%95-%E0%A4%B8%E0%A4%B0%E0%A5%81%E0%A4%B5%E0%A4%BE-%E0%A4%B8%E0%A4%AE%E0%A5%8D%E0%A4%AC%E0%A4%A8%E0%A5%8D%E0%A4%A7%E0%A5%80-%E0%A4%B8%E0%A5%82%E0%A4%9A%E0%A4%A8%E0%A4%BE-%E0%A4%B6%E0%A5%8D%E0%A4%B0%E0%A5%80-%E0%A4%B5%E0%A4%BF%E0%A4%A8%E0%A5%8D%E0%A4%A6%E0%A5%8D%E0%A4%AF%E0%A4%B5%E0%A4%BE%E0%A4%B8%E0%A4%BF%E0%A4%A8%E0%A5%80-%E0%A4%AE%E0%A4%BE%E0%A4%A7%E0%A5%8D%E0%A4%AF%E0%A4%AE%E0%A4%BF%E0%A4%95-%E0%A4%B5%E0%A4%BF%E0%A4%A6%E0%A5%8D%E0%A4%AF%E0%A4%BE%E0%A4%B2%E0%A4%AF-%E0%A4%AA%E0%A5%8B%E0%A4%96%E0%A4%B0%E0%A4%BE-%E0%A5%A7%E0%A5%AC
जलश्रोतको मुहान दर्ता सम्बन्धमा सुझाव वा दाबी विरोध पेस गर्ने सम्बन्धी सार्वजनिक सूचना (पोखरा ३३),No date,,/content/%E0%A4%9C%E0%A4%B2%E0%A4%B6%E0%A5%8D%E0%A4%B0%E0%A5%8B%E0%A4%A4%E0%A4%95%E0%A5%8B-%E0%A4%AE%E0%A5%81%E0%A4%B9%E0%A4%BE%E0%A4%A8-%E0%A4%A6%E0%A4%B0%E0%A5%8D%E0%A4%A4%E0%A4%BE-%E0%A4%B8%E0%A4%AE%E0%A5%8D%E0%A4%AC%E0%A4%A8%E0%A5%8D%E0%A4%A7%E0%A4%AE%E0%A4%BE-%E0%A4%B8%E0%A5%81%E0%A4%9D%E0%A4%BE%E0%A4%B5-%E0%A4%B5%E0%A4%BE-%E0%A4%A6%E0%A4%BE%E0%A4%AC%E0%A5%80-%E0%A4%B5%E0%A4%BF%E0%A4%B0%E0%A5%8B%E0%A4%A7-%E0%A4%AA%E0%A5%87%E0%A4%B8-%E0%A4%97%E0%A4%B0%E0%A5%8D%E0%A4%A8%E0%A5%87-%E0%A4%B8%E0%A4%AE%E0%A5%8D%E0%A4%AC%E0%A4%A8%E0%A5%8D%E0%A4%A7%E0%A5%80-%E0%A4%B8%E0%A4%BE%E0%A4%B0%E0%A5%8D%E0%A4%B5%E0%A4%9C%E0%A4%A8%E0%A4%BF%E0%A4%95-%E0%A4%B8%E0%A5%82%E0%A4%9A%E0%A4%A8%E0%A4%BE-1
"परामर्श सेवामा जनशक्ति खरिद सम्बन्धी सूचना, शिशुवा अस्पताल (दोस्रोपटक प्रकाशित सूचना)",No date,,/content/%E0%A4%AA%E0%A4%B0%E0%A4%BE%E0%A4%AE%E0%A4%B0%E0%A5%8D%E0%A4%B6-%E0%A4%B8%E0%A5%87%E0%A4%B5%E0%A4%BE%E0%A4%AE%E0%A4%BE-%E0%A4%9C%E0%A4%A8%E0%A4%B6%E0%A4%95%E0%A5%8D%E0%A4%A4%E0%A4%BF-%E0%A4%96%E0%A4%B0%E0%A4%BF%E0%A4%A6-%E0%A4%B8%E0%A4%AE%E0%A5%8D%E0%A4%AC%E0%A4%A8%E0%A5%8D%E0%A4%A7%E0%A5%80-%E0%A4%B8%E0%A5%82%E0%A4%9A%E0%A4%A8%E0%A4%BE-%E0%A4%B6%E0%A4%BF%E0%A4%B6%E0%A5%81%E0%A4%B5%E0%A4%BE-%E0%A4%85%E0%A4%B8%E0%A5%8D%E0%A4%AA%E0%A4%A4%E0%A4%BE%E0%A4%B2-%E0%A4%A6%E0%A5%8B%E0%A4%B8%E0%A5%8D%E0%A4%B0%E0%A5%8B%E0%A4%AA%E0%A4%9F%E0%A4%95-%E0%A4%AA%E0%A5%8D%E0%A4%B0%E0%A4%95%E0%A4%BE%E0%A4%B6%E0%A4%BF%E0%A4%A4-%E0%A4%B8%E0%A5%82%E0%A4%9A%E0%A4%A8%E0%A4%BE
"परामर्श सेवामा जनशक्ति खरिद सम्बन्धी सूचना, शिशुवा अस्पताल",No date,,/content/%E0%A4%AA%E0%A4%B0%E0%A4%BE%E0%A4%AE%E0%A4%B0%E0%A5%8D%E0%A4%B6-%E0%A4%B8%E0%A5%87%E0%A4%B5%E0%A4%BE%E0%A4%AE%E0%A4%BE-%E0%A4%9C%E0%A4%A8%E0%A4%B6%E0%A4%95%E0%A5%8D%E0%A4%A4%E0%A4%BF-%E0%A4%96%E0%A4%B0%E0%A4%BF%E0%A4%A6-%E0%A4%B8%E0%A4%AE%E0%A5%8D%E0%A4%AC%E0%A4%A8%E0%A5%8D%E0%A4%A7%E0%A5%80-%E0%A4%B8%E0%A5%82%E0%A4%9A%E0%A4%A8%E0%A4%BE-%E0%A4%B6%E0%A4%BF%E0%A4%B6%E0%A5%81%E0%A4%B5%E0%A4%BE-%E0%A4%85%E0%A4%B8%E0%A5%8D%E0%A4%AA%E0%A4%A4%E0%A4%BE%E0%A4%B2
पुनर्योगको नतिजा प्रकाशन सम्बन्धमा (कक्षा ८) - शिक्षा महाशाखा,No date,,/content/%E0%A4%AA%E0%A5%81%E0%A4%A8%E0%A4%B0%E0%A5%8D%E0%A4%AF%E0%A5%8B%E0%A4%97%E0%A4%95%E0%A5%8B-%E0%A4%A8%E0%A4%A4%E0%A4%BF%E0%A4%9C%E0%A4%BE-%E0%A4%AA%E0%A5%8D%E0%A4%B0%E0%A4%95%E0%A4%BE%E0%A4%B6%E0%A4%A8-%E0%A4%B8%E0%A4%AE%E0%A5%8D%E0%A4%AC%E0%A4%A8%E0%A5%8D%E0%A4%A7%E0%A4%AE%E0%A4%BE-%E0%A4%95%E0%A4%95%E0%A5%8D%E0%A4%B7%E0%A4%BE-%E0%A5%AE-%E0%A4%B6%E0%A4%BF%E0%A4%95%E0%A5%8D%E0%A4%B7%E0%A4%BE-%E0%A4%AE%E0%A4%B9%E0%A4%BE%E0%A4%B6%E0%A4%BE%E0%A4%96%E0%A4%BE
"रिक्त पदमा स्थायी शिक्षक सरुवा सम्बन्धी सूचना (श्री ज्ञानज्योति माध्यमिक विद्यालय, पोखरा १६)",No date,,/content/%E0%A4%B0%E0%A4%BF%E0%A4%95%E0%A5%8D%E0%A4%A4-%E0%A4%AA%E0%A4%A6%E0%A4%AE%E0%A4%BE-%E0%A4%B8%E0%A5%8D%E0%A4%A5%E0%A4%BE%E0%A4%AF%E0%A5%80-%E0%A4%B6%E0%A4%BF%E0%A4%95%E0%A5%8D%E0%A4%B7%E0%A4%95-%E0%A4%B8%E0%A4%B0%E0%A5%81%E0%A4%B5%E0%A4%BE-%E0%A4%B8%E0%A4%AE%E0%A5%8D%E0%A4%AC%E0%A4%A8%E0%A5%8D%E0%A4%A7%E0%A5%80-%E0%A4%B8%E0%A5%82%E0%A4%9A%E0%A4%A8%E0%A4%BE-%E0%A4%B6%E0%A5%8D%E0%A4%B0%E0%A5%80-%E0%A4%9C%E0%A5%8D%E0%A4%9E%E0%A4%BE%E0%A4%A8%E0%A4%9C%E0%A5%8D%E0%A4%AF%E0%A5%8B%E0%A4%A4%E0%A4%BF-%E0%A4%AE%E0%A4%BE%E0%A4%A7%E0%A5%8D%E0%A4%AF%E0%A4%AE%E0%A4%BF%E0%A4%95-%E0%A4%B5%E0%A4%BF%E0%A4%A6%E0%A5%8D%E0%A4%AF%E0%A4%BE%E0%A4%B2%E0%A4%AF-%E0%A4%AA%E0%A5%8B%E0%A4%96%E0%A4%B0%E0%A4%BE-%E0%A5%A7%E0%A5%AC
जलश्रोतको मुहान दर्ता सम्बन्धमा सुझाव वा दाबी विरोध पेस गर्ने सम्बन्धी सार्वजनिक सूचना (पोखरा १),No date,,/content/%E0%A4%9C%E0%A4%B2%E0%A4%B6%E0%A5%8D%E0%A4%B0%E0%A5%8B%E0%A4%A4%E0%A4%95%E0%A5%8B-%E0%A4%AE%E0%A5%81%E0%A4%B9%E0%A4%BE%E0%A4%A8-%E0%A4%A6%E0%A4%B0%E0%A5%8D%E0%A4%A4%E0%A4%BE-%E0%A4%B8%E0%A4%AE%E0%A5%8D%E0%A4%AC%E0%A4%A8%E0%A5%8D%E0%A4%A7%E0%A4%AE%E0%A4%BE-%E0%A4%B8%E0%A5%81%E0%A4%9D%E0%A4%BE%E0%A4%B5-%E0%A4%B5%E0%A4%BE-%E0%A4%A6%E0%A4%BE%E0%A4%AC%E0%A5%80-%E0%A4%B5%E0%A4%BF%E0%A4%B0%E0%A5%8B%E0%A4%A7-%E0%A4%AA%E0%A5%87%E0%A4%B8-%E0%A4%97%E0%A4%B0%E0%A5%8D%E0%A4%A8%E0%A5%87-%E0%A4%B8%E0%A4%AE%E0%A5%8D%E0%A4%AC%E0%A4%A8%E0%A5%8D%E0%A4%A7%E0%A5%80-%E0%A4%B8%E0%A4%BE%E0%A4%B0%E0%A5%8D%E0%A4%B5%E0%A4%9C%E0%A4%A8%E0%A4%BF%E0%A4%95-%E0%A4%B8%E0%A5%82%E0%A4%9A%E0%A4%A8%E0%A4%BE-0
विपन्न नागरिक उपचार कोष बमोजिम उपचार सिफारिस भएका विपन्न नागरिकको विवरण (आ.व. २०८१/०८२ - फागुन सम्म),No date,,/content/%E0%A4%B5%E0%A4%BF%E0%A4%AA%E0%A4%A8%E0%A5%8D%E0%A4%A8-%E0%A4%A8%E0%A4%BE%E0%A4%97%E0%A4%B0%E0%A4%BF%E0%A4%95-%E0%A4%89%E0%A4%AA%E0%A4%9A%E0%A4%BE%E0%A4%B0-%E0%A4%95%E0%A5%8B%E0%A4%B7-%E0%A4%AC%E0%A4%AE%E0%A5%8B%E0%A4%9C%E0%A4%BF%E0%A4%AE-%E0%A4%89%E0%A4%AA%E0%A4%9A%E0%A4%BE%E0%A4%B0-%E0%A4%B8%E0%A4%BF%E0%A4%AB%E0%A4%BE%E0%A4%B0%E0%A4%BF%E0%A4%B8-%E0%A4%AD%E0%A4%8F%E0%A4%95%E0%A4%BE-%E0%A4%B5%E0%A4%BF%E0%A4%AA%E0%A4%A8%E0%A5%8D%E0%A4%A8-%E0%A4%A8%E0%A4%BE%E0%A4%97%E0%A4%B0%E0%A4%BF%E0%A4%95%E0%A4%95%E0%A5%8B-%E0%A4%B5%E0%A4%BF%E0%A4%B5%E0%A4%B0%E0%A4%A3-%E0%A4%86%E0%A4%B5-%E0%A5%A8%E0%A5%A6%E0%A5%AE%E0%A5%A7%E0%A5%A6%E0%A5%AE%E0%A5%A8-%E0%A4%AB%E0%A4%BE%E0%A4%97%E0%A5%81%E0%A4%A8
पोखरा महानगरपालिका क्षेत्र भित्र अनुमति बिना मेशिन चलाउने कार्य बन्द गरिएको सम्बन्धी सूचना।,No date,,/content/%E0%A4%AA%E0%A5%8B%E0%A4%96%E0%A4%B0%E0%A4%BE-%E0%A4%AE%E0%A4%B9%E0%A4%BE%E0%A4%A8%E0%A4%97%E0%A4%B0%E0%A4%AA%E0%A4%BE%E0%A4%B2%E0%A4%BF%E0%A4%95%E0%A4%BE-%E0%A4%95%E0%A5%8D%E0%A4%B7%E0%A5%87%E0%A4%A4%E0%A5%8D%E0%A4%B0-%E0%A4%AD%E0%A4%BF%E0%A4%A4%E0%A5%8D%E0%A4%B0-%E0%A4%85%E0%A4%A8%E0%A5%81%E0%A4%AE%E0%A4%A4%E0%A4%BF-%E0%A4%AC%E0%A4%BF%E0%A4%A8%E0%A4%BE-%E0%A4%AE%E0%A5%87%E0%A4%B6%E0%A4%BF%E0%A4%A8-%E0%A4%9A%E0%A4%B2%E0%A4%BE%E0%A4%89%E0%A4%A8%E0%A5%87-%E0%A4%95%E0%A4%BE%E0%A4%B0%E0%A5%8D%E0%A4%AF-%E0%A4%AC%E0%A4%A8%E0%A5%8D%E0%A4%A6-%E0%A4%97%E0%A4%B0%E0%A4%BF%E0%A4%8F%E0%A4%95%E0%A5%8B-%E0%A4%B8%E0%A4%AE%E0%A5%8D%E0%A4%AC%E0%A4%A8%E0%A5%8D%E0%A4%A7%E0%A5%80-%E0%A4%B8%E0%A5%82%E0%A4%9A%E0%A4%A8%E0%A4%BE%E0%A5%A4
जलश्रोतको मुहान दर्ता सम्बन्धमा सुझाव वा दाबी विरोध पेस गर्ने सम्बन्धी सार्वजनिक सूचना (पोखरा २८),No date,,/content/%E0%A4%9C%E0%A4%B2%E0%A4%B6%E0%A5%8D%E0%A4%B0%E0%A5%8B%E0%A4%A4%E0%A4%95%E0%A5%8B-%E0%A4%AE%E0%A5%81%E0%A4%B9%E0%A4%BE%E0%A4%A8-%E0%A4%A6%E0%A4%B0%E0%A5%8D%E0%A4%A4%E0%A4%BE-%E0%A4%B8%E0%A4%AE%E0%A5%8D%E0%A4%AC%E0%A4%A8%E0%A5%8D%E0%A4%A7%E0%A4%AE%E0%A4%BE-%E0%A4%B8%E0%A5%81%E0%A4%9D%E0%A4%BE%E0%A4%B5-%E0%A4%B5%E0%A4%BE-%E0%A4%A6%E0%A4%BE%E0%A4%AC%E0%A5%80-%E0%A4%B5%E0%A4%BF%E0%A4%B0%E0%A5%8B%E0%A4%A7-%E0%A4%AA%E0%A5%87%E0%A4%B8-%E0%A4%97%E0%A4%B0%E0%A5%8D%E0%A4%A8%E0%A5%87-%E0%A4%B8%E0%A4%AE%E0%A5%8D%E0%A4%AC%E0%A4%A8%E0%A5%8D%E0%A4%A7%E0%A5%80-%E0%A4%B8%E0%A4%BE%E0%A4%B0%E0%A5%8D%E0%A4%B5%E0%A4%9C%E0%A4%A8%E0%A4%BF%E0%A4%95-%E0%A4%B8%E0%A5%82%E0%A4%9A%E0%A4%A8%E0%A4%BE-%E0%A4%AA%E0%A5%8B%E0%A4%96%E0%A4%B0%E0%A4%BE
भ्रमर्ण बर्ष २०२५ घोषणा सभामा अनिवार्य उपस्थित हुने बारे ।,No date,,/content/%E0%A4%AD%E0%A5%8D%E0%A4%B0%E0%A4%AE%E0%A4%B0%E0%A5%8D%E0%A4%A3-%E0%A4%AC%E0%A4%B0%E0%A5%8D%E0%A4%B7-%E0%A5%A8%E0%A5%A6%E0%A5%A8%E0%A5%AB-%E0%A4%98%E0%A5%8B%E0%A4%B7%E0%A4%A3%E0%A4%BE-%E0%A4%B8%E0%A4%AD%E0%A4%BE%E0%A4%AE%E0%A4%BE-%E0%A4%85%E0%A4%A8%E0%A4%BF%E0%A4%B5%E0%A4%BE%E0%A4%B0%E0%A5%8D%E0%A4%AF-%E0%A4%89%E0%A4%AA%E0%A4%B8%E0%A5%8D%E0%A4%A5%E0%A4%BF%E0%A4%A4-%E0%A4%B9%E0%A5%81%E0%A4%A8%E0%A5%87-%E0%A4%AC%E0%A4%BE%E0%A4%B0%E0%A5%87-%E0%A5%A4
न्यूनतम रोजगारीमा संलग्न हुनको लागि निवेदन पेस गर्ने सम्बन्धी सूचना।,No date,,/content/%E0%A4%A8%E0%A5%8D%E0%A4%AF%E0%A5%82%E0%A4%A8%E0%A4%A4%E0%A4%AE-%E0%A4%B0%E0%A5%8B%E0%A4%9C%E0%A4%97%E0%A4%BE%E0%A4%B0%E0%A5%80%E0%A4%AE%E0%A4%BE-%E0%A4%B8%E0%A4%82%E0%A4%B2%E0%A4%97%E0%A5%8D%E0%A4%A8-%E0%A4%B9%E0%A5%81%E0%A4%A8%E0%A4%95%E0%A5%8B-%E0%A4%B2%E0%A4%BE%E0%A4%97%E0%A4%BF-%E0%A4%A8%E0%A4%BF%E0%A4%B5%E0%A5%87%E0%A4%A6%E0%A4%A8-%E0%A4%AA%E0%A5%87%E0%A4%B8-%E0%A4%97%E0%A4%B0%E0%A5%8D%E0%A4%A8%E0%A5%87-%E0%A4%B8%E0%A4%AE%E0%A5%8D%E0%A4%AC%E0%A4%A8%E0%A5%8D%E0%A4%A7%E0%A5%80-%E0%A4%B8%E0%A5%82%E0%A4%9A%E0%A4%A8%E0%A4%BE%E0%A5%A4
निर्देशन सम्बन्धमा (शिक्षा महाशाखा),No date,,/content/%E0%A4%A8%E0%A4%BF%E0%A4%B0%E0%A5%8D%E0%A4%A6%E0%A5%87%E0%A4%B6%E0%A4%A8-%E0%A4%B8%E0%A4%AE%E0%A5%8D%E0%A4%AC%E0%A4%A8%E0%A5%8D%E0%A4%A7%E0%A4%AE%E0%A4%BE-%E0%A4%B6%E0%A4%BF%E0%A4%95%E0%A5%8D%E0%A4%B7%E0%A4%BE-%E0%A4%AE%E0%A4%B9%E0%A4%BE%E0%A4%B6%E0%A4%BE%E0%A4%96%E0%A4%BE
रिक्त पदमा स्थायी शिक्षक सरुवा सम्बन्धी सूचना (श्री तालवाराही मा.वि.),No date,,/content/%E0%A4%B0%E0%A4%BF%E0%A4%95%E0%A5%8D%E0%A4%A4-%E0%A4%AA%E0%A4%A6%E0%A4%AE%E0%A4%BE-%E0%A4%B8%E0%A5%8D%E0%A4%A5%E0%A4%BE%E0%A4%AF%E0%A5%80-%E0%A4%B6%E0%A4%BF%E0%A4%95%E0%A5%8D%E0%A4%B7%E0%A4%95-%E0%A4%B8%E0%A4%B0%E0%A5%81%E0%A4%B5%E0%A4%BE-%E0%A4%B8%E0%A4%AE%E0%A5%8D%E0%A4%AC%E0%A4%A8%E0%A5%8D%E0%A4%A7%E0%A5%80-%E0%A4%B8%E0%A5%82%E0%A4%9A%E0%A4%A8%E0%A4%BE-%E0%A4%B6%E0%A5%8D%E0%A4%B0%E0%A5%80-%E0%A4%A4%E0%A4%BE%E0%A4%B2%E0%A4%B5%E0%A4%BE%E0%A4%B0%E0%A4%BE%E0%A4%B9%E0%A5%80-%E0%A4%AE%E0%A4%BE%E0%A4%B5%E0%A4%BF
ध्वनि प्रदूषण हुने कुनैपनि प्रकारका अवाञ्छित क्रियाकलापहरू नगर्न/नगराउनुहुन पोखरा महानगरपालिकाको अनुरोध!,No date,,/content/%E0%A4%A7%E0%A5%8D%E0%A4%B5%E0%A4%A8%E0%A4%BF-%E0%A4%AA%E0%A5%8D%E0%A4%B0%E0%A4%A6%E0%A5%82%E0%A4%B7%E0%A4%A3-%E0%A4%B9%E0%A5%81%E0%A4%A8%E0%A5%87-%E0%A4%95%E0%A5%81%E0%A4%A8%E0%A5%88%E0%A4%AA%E0%A4%A8%E0%A4%BF-%E0%A4%AA%E0%A5%8D%E0%A4%B0%E0%A4%95%E0%A4%BE%E0%A4%B0%E0%A4%95%E0%A4%BE-%E0%A4%85%E0%A4%B5%E0%A4%BE%E0%A4%9E%E0%A5%8D%E0%A4%9B%E0%A4%BF%E0%A4%A4-%E0%A4%95%E0%A5%8D%E0%A4%B0%E0%A4%BF%E0%A4%AF%E0%A4%BE%E0%A4%95%E0%A4%B2%E0%A4%BE%E0%A4%AA%E0%A4%B9%E0%A4%B0%E0%A5%82-%E0%A4%A8%E0%A4%97%E0%A4%B0%E0%A5%8D%E0%A4%A8%E0%A4%A8%E0%A4%97%E0%A4%B0%E0%A4%BE%E0%A4%89%E0%A4%A8%E0%A5%81%E0%A4%B9%E0%A5%81%E0%A4%A8-%E0%A4%AA%E0%A5%8B%E0%A4%96%E0%A4%B0%E0%A4%BE
‘पोखरा भ्रमण वर्ष २०२५’ अवधि भर पर्यटन प्रवर्द्धन तथा पर्यटकहरूका लागि दिन/पस्कन सक्ने पर्यटन प्याकेजहरू उपलब्ध गराउने सम्बन्धी सूचना !,No date,,/content/%E2%80%98%E0%A4%AA%E0%A5%8B%E0%A4%96%E0%A4%B0%E0%A4%BE-%E0%A4%AD%E0%A5%8D%E0%A4%B0%E0%A4%AE%E0%A4%A3-%E0%A4%B5%E0%A4%B0%E0%A5%8D%E0%A4%B7-%E0%A5%A8%E0%A5%A6%E0%A5%A8%E0%A5%AB%E2%80%99-%E0%A4%85%E0%A4%B5%E0%A4%A7%E0%A4%BF-%E0%A4%AD%E0%A4%B0-%E0%A4%AA%E0%A4%B0%E0%A5%8D%E0%A4%AF%E0%A4%9F%E0%A4%A8-%E0%A4%AA%E0%A5%8D%E0%A4%B0%E0%A4%B5%E0%A4%B0%E0%A5%8D%E0%A4%A6%E0%A5%8D%E0%A4%A7%E0%A4%A8-%E0%A4%A4%E0%A4%A5%E0%A4%BE-%E0%A4%AA%E0%A4%B0%E0%A5%8D%E0%A4%AF%E0%A4%9F%E0%A4%95%E0%A4%B9%E0%A4%B0%E0%A5%82%E0%A4%95%E0%A4%BE-%E0%A4%B2%E0%A4%BE%E0%A4%97%E0%A4%BF-%E0%A4%A6%E0%A4%BF%E0%A4%A8%E0%A4%AA%E0%A4%B8%E0%A5%8D%E0%A4%95%E0%A4%A8-%E0%A4%B8%E0%A4%95%E0%A5%8D%E0%A4%A8%E0%A5%87-%E0%A4%AA%E0%A4%B0%E0%A5%8D%E0%A4%AF%E0%A4%9F%E0%A4%A8
रिक्त पदमा स्थायी शिक्षक सरुवा सम्बन्धी सूचना (श्री संस्कृत मा.वि.),No date,,/content/%E0%A4%B0%E0%A4%BF%E0%A4%95%E0%A5%8D%E0%A4%A4-%E0%A4%AA%E0%A4%A6%E0%A4%AE%E0%A4%BE-%E0%A4%B8%E0%A5%8D%E0%A4%A5%E0%A4%BE%E0%A4%AF%E0%A5%80-%E0%A4%B6%E0%A4%BF%E0%A4%95%E0%A5%8D%E0%A4%B7%E0%A4%95-%E0%A4%B8%E0%A4%B0%E0%A5%81%E0%A4%B5%E0%A4%BE-%E0%A4%B8%E0%A4%AE%E0%A5%8D%E0%A4%AC%E0%A4%A8%E0%A5%8D%E0%A4%A7%E0%A5%80-%E0%A4%B8%E0%A5%82%E0%A4%9A%E0%A4%A8%E0%A4%BE-%E0%A4%B6%E0%A5%8D%E0%A4%B0%E0%A5%80-%E0%A4%B8%E0%A4%82%E0%A4%B8%E0%A5%8D%E0%A4%95%E0%A5%83%E0%A4%A4-%E0%A4%AE%E0%A4%BE%E0%A4%B5%E0%A4%BF
"स्वतः प्रकाशन (२०८१ कार्तिक १ देखि पौष मसान्तसम्म)  सूचनाको हक सम्बन्धी ऐन, २०६४ को दफा ५(३) र सूचनाको हक सम्बन्धी नियमावली, २०६५ को नियम ३ बमोजिम सार्वजनिक गरिएको सूचना विवरण।",No date,,/content/%E0%A4%B8%E0%A5%8D%E0%A4%B5%E0%A4%A4%E0%A4%83-%E0%A4%AA%E0%A5%8D%E0%A4%B0%E0%A4%95%E0%A4%BE%E0%A4%B6%E0%A4%A8-%E0%A5%A8%E0%A5%A6%E0%A5%AE%E0%A5%A7-%E0%A4%95%E0%A4%BE%E0%A4%B0%E0%A5%8D%E0%A4%A4%E0%A4%BF%E0%A4%95-%E0%A5%A7-%E0%A4%A6%E0%A5%87%E0%A4%96%E0%A4%BF-%E0%A4%AA%E0%A5%8C%E0%A4%B7-%E0%A4%AE%E0%A4%B8%E0%A4%BE%E0%A4%A8%E0%A5%8D%E0%A4%A4%E0%A4%B8%E0%A4%AE%E0%A5%8D%E0%A4%AE-%E0%A4%B8%E0%A5%82%E0%A4%9A%E0%A4%A8%E0%A4%BE%E0%A4%95%E0%A5%8B-%E0%A4%B9%E0%A4%95-%E0%A4%B8%E0%A4%AE%E0%A5%8D%E0%A4%AC%E0%A4%A8%E0%A5%8D%E0%A4%A7%E0%A5%80-%E0%A4%90%E0%A4%A8-%E0%A5%A8%E0%A5%A6%E0%A5%AC%E0%A5%AA-%E0%A4%95%E0%A5%8B-%E0%A4%A6%E0%A4%AB%E0%A4%BE-%E0%A5%AB%E0%A5%A9-%E0%A4%B0
"रिक्त पदम स्थायी शिक्षक सरुवा सम्बन्धी सूचना (श्री वीर आधारभूत विद्यालय, पोखरा-२७)",No date,,/content/%E0%A4%B0%E0%A4%BF%E0%A4%95%E0%A5%8D%E0%A4%A4-%E0%A4%AA%E0%A4%A6%E0%A4%AE-%E0%A4%B8%E0%A5%8D%E0%A4%A5%E0%A4%BE%E0%A4%AF%E0%A5%80-%E0%A4%B6%E0%A4%BF%E0%A4%95%E0%A5%8D%E0%A4%B7%E0%A4%95-%E0%A4%B8%E0%A4%B0%E0%A5%81%E0%A4%B5%E0%A4%BE-%E0%A4%B8%E0%A4%AE%E0%A5%8D%E0%A4%AC%E0%A4%A8%E0%A5%8D%E0%A4%A7%E0%A5%80-%E0%A4%B8%E0%A5%82%E0%A4%9A%E0%A4%A8%E0%A4%BE-%E0%A4%B6%E0%A5%8D%E0%A4%B0%E0%A5%80-%E0%A4%B5%E0%A5%80%E0%A4%B0-%E0%A4%86%E0%A4%A7%E0%A4%BE%E0%A4%B0%E0%A4%AD%E0%A5%82%E0%A4%A4-%E0%A4%B5%E0%A4%BF%E0%A4%A6%E0%A5%8D%E0%A4%AF%E0%A4%BE%E0%A4%B2%E0%A4%AF-%E0%A4%AA%E0%A5%8B%E0%A4%96%E0%A4%B0%E0%A4%BE-%E0%A5%A8%E0%A5%AD
सेप्टिक ट्याङ्क तथा सोकपिट निर्माण/सुधार गर्ने ३५ दिने सार्वजनिक सूचना !,No date,,/content/%E0%A4%B8%E0%A5%87%E0%A4%AA%E0%A5%8D%E0%A4%9F%E0%A4%BF%E0%A4%95-%E0%A4%9F%E0%A5%8D%E0%A4%AF%E0%A4%BE%E0%A4%99%E0%A5%8D%E0%A4%95-%E0%A4%A4%E0%A4%A5%E0%A4%BE-%E0%A4%B8%E0%A5%8B%E0%A4%95%E0%A4%AA%E0%A4%BF%E0%A4%9F-%E0%A4%A8%E0%A4%BF%E0%A4%B0%E0%A5%8D%E0%A4%AE%E0%A4%BE%E0%A4%A3%E0%A4%B8%E0%A5%81%E0%A4%A7%E0%A4%BE%E0%A4%B0-%E0%A4%97%E0%A4%B0%E0%A5%8D%E0%A4%A8%E0%A5%87-%E0%A5%A9%E0%A5%AB-%E0%A4%A6%E0%A4%BF%E0%A4%A8%E0%A5%87-%E0%A4%B8%E0%A4%BE%E0%A4%B0%E0%A5%8D%E0%A4%B5%E0%A4%9C%E0%A4%A8%E0%A4%BF%E0%A4%95-%E0%A4%B8%E0%A5%82%E0%A4%9A%E0%A4%A8%E0%A4%BE
पोखरा महानगरपालिकाको कर्मचारी पदपूर्ति सम्बन्धी सूचना !,No date,,/content/%E0%A4%AA%E0%A5%8B%E0%A4%96%E0%A4%B0%E0%A4%BE-%E0%A4%AE%E0%A4%B9%E0%A4%BE%E0%A4%A8%E0%A4%97%E0%A4%B0%E0%A4%AA%E0%A4%BE%E0%A4%B2%E0%A4%BF%E0%A4%95%E0%A4%BE%E0%A4%95%E0%A5%8B-%E0%A4%95%E0%A4%B0%E0%A5%8D%E0%A4%AE%E0%A4%9A%E0%A4%BE%E0%A4%B0%E0%A5%80-%E0%A4%AA%E0%A4%A6%E0%A4%AA%E0%A5%82%E0%A4%B0%E0%A5%8D%E0%A4%A4%E0%A4%BF-%E0%A4%B8%E0%A4%AE%E0%A5%8D%E0%A4%AC%E0%A4%A8%E0%A5%8D%E0%A4%A7%E0%A5%80-%E0%A4%B8%E0%A5%82%E0%A4%9A%E0%A4%A8%E0%A4%BE
जल स्रोतको मुहान दर्ता सम्बन्धमा दाबी विरोध पेस गर्ने सम्बन्धी सूचना ।,No date,,/content/%E0%A4%9C%E0%A4%B2-%E0%A4%B8%E0%A5%8D%E0%A4%B0%E0%A5%8B%E0%A4%A4%E0%A4%95%E0%A5%8B-%E0%A4%AE%E0%A5%81%E0%A4%B9%E0%A4%BE%E0%A4%A8-%E0%A4%A6%E0%A4%B0%E0%A5%8D%E0%A4%A4%E0%A4%BE-%E0%A4%B8%E0%A4%AE%E0%A5%8D%E0%A4%AC%E0%A4%A8%E0%A5%8D%E0%A4%A7%E0%A4%AE%E0%A4%BE-%E0%A4%A6%E0%A4%BE%E0%A4%AC%E0%A5%80-%E0%A4%B5%E0%A4%BF%E0%A4%B0%E0%A5%8B%E0%A4%A7-%E0%A4%AA%E0%A5%87%E0%A4%B8-%E0%A4%97%E0%A4%B0%E0%A5%8D%E0%A4%A8%E0%A5%87-%E0%A4%B8%E0%A4%AE%E0%A5%8D%E0%A4%AC%E0%A4%A8%E0%A5%8D%E0%A4%A7%E0%A5%80-%E0%A4%B8%E0%A5%82%E0%A4%9A%E0%A4%A8%E0%A4%BE-%E0%A5%A4
रिक्त पदमा स्थायी शिक्षक सरुवा सम्बन्धी सूचना।,No date,,/content/%E0%A4%B0%E0%A4%BF%E0%A4%95%E0%A5%8D%E0%A4%A4-%E0%A4%AA%E0%A4%A6%E0%A4%AE%E0%A4%BE-%E0%A4%B8%E0%A5%8D%E0%A4%A5%E0%A4%BE%E0%A4%AF%E0%A5%80-%E0%A4%B6%E0%A4%BF%E0%A4%95%E0%A5%8D%E0%A4%B7%E0%A4%95-%E0%A4%B8%E0%A4%B0%E0%A5%81%E0%A4%B5%E0%A4%BE-%E0%A4%B8%E0%A4%AE%E0%A5%8D%E0%A4%AC%E0%A4%A8%E0%A5%8D%E0%A4%A7%E0%A5%80-%E0%A4%B8%E0%A5%82%E0%A4%9A%E0%A4%A8%E0%A4%BE%E0%A5%A4
पोखरा महानगर स्थित सम्पूर्ण संस्थागत विद्यालयहरूले विवरण उपलब्ध गराउने सम्बन्धी सूचना।,No date,,/content/%E0%A4%AA%E0%A5%8B%E0%A4%96%E0%A4%B0%E0%A4%BE-%E0%A4%AE%E0%A4%B9%E0%A4%BE%E0%A4%A8%E0%A4%97%E0%A4%B0-%E0%A4%B8%E0%A5%8D%E0%A4%A5%E0%A4%BF%E0%A4%A4-%E0%A4%B8%E0%A4%AE%E0%A5%8D%E0%A4%AA%E0%A5%82%E0%A4%B0%E0%A5%8D%E0%A4%A3-%E0%A4%B8%E0%A4%82%E0%A4%B8%E0%A5%8D%E0%A4%A5%E0%A4%BE%E0%A4%97%E0%A4%A4-%E0%A4%B5%E0%A4%BF%E0%A4%A6%E0%A5%8D%E0%A4%AF%E0%A4%BE%E0%A4%B2%E0%A4%AF%E0%A4%B9%E0%A4%B0%E0%A5%82%E0%A4%B2%E0%A5%87-%E0%A4%B5%E0%A4%BF%E0%A4%B5%E0%A4%B0%E0%A4%A3-%E0%A4%89%E0%A4%AA%E0%A4%B2%E0%A4%AC%E0%A5%8D%E0%A4%A7-%E0%A4%97%E0%A4%B0%E0%A4%BE%E0%A4%89%E0%A4%A8%E0%A5%87-%E0%A4%B8%E0%A4%AE%E0%A5%8D%E0%A4%AC%E0%A4%A8%E0%A5%8D%E0%A4%A7%E0%A5%80-%E0%A4%B8%E0%A5%82%E0%A4%9A%E0%A4%A8%E0%A4%BE%E0%A5%A4
कक्षा  ८ को परीक्षा केन्द्र  बारेको जरुरी सूचना,No date,,/content/%E0%A4%95%E0%A4%95%E0%A5%8D%E0%A4%B7%E0%A4%BE-%E0%A5%AE-%E0%A4%95%E0%A5%8B-%E0%A4%AA%E0%A4%B0%E0%A5%80%E0%A4%95%E0%A5%8D%E0%A4%B7%E0%A4%BE-%E0%A4%95%E0%A5%87%E0%A4%A8%E0%A5%8D%E0%A4%A6%E0%A5%8D%E0%A4%B0-%E0%A4%AC%E0%A4%BE%E0%A4%B0%E0%A5%87%E0%A4%95%E0%A5%8B-%E0%A4%9C%E0%A4%B0%E0%A5%81%E0%A4%B0%E0%A5%80-%E0%A4%B8%E0%A5%82%E0%A4%9A%E0%A4%A8%E0%A4%BE
सेवा करारमा ब्रुमर चालक भर्ना सम्बन्धी सूचना ( दोस्रो पटक प्रकाशित),No date,,/content/%E0%A4%B8%E0%A5%87%E0%A4%B5%E0%A4%BE-%E0%A4%95%E0%A4%B0%E0%A4%BE%E0%A4%B0%E0%A4%AE%E0%A4%BE-%E0%A4%AC%E0%A5%8D%E0%A4%B0%E0%A5%81%E0%A4%AE%E0%A4%B0-%E0%A4%9A%E0%A4%BE%E0%A4%B2%E0%A4%95-%E0%A4%AD%E0%A4%B0%E0%A5%8D%E0%A4%A8%E0%A4%BE-%E0%A4%B8%E0%A4%AE%E0%A5%8D%E0%A4%AC%E0%A4%A8%E0%A5%8D%E0%A4%A7%E0%A5%80-%E0%A4%B8%E0%A5%82%E0%A4%9A%E0%A4%A8%E0%A4%BE-%E0%A4%A6%E0%A5%8B%E0%A4%B8%E0%A5%8D%E0%A4%B0%E0%A5%8B-%E0%A4%AA%E0%A4%9F%E0%A4%95-%E0%A4%AA%E0%A5%8D%E0%A4%B0%E0%A4%95%E0%A4%BE%E0%A4%B6%E0%A4%BF%E0%A4%A4
तह/ स्तर बृद्धि समबन्धि सूचना ,No date,,/content/%E0%A4%A4%E0%A4%B9-%E0%A4%B8%E0%A5%8D%E0%A4%A4%E0%A4%B0-%E0%A4%AC%E0%A5%83%E0%A4%A6%E0%A5%8D%E0%A4%A7%E0%A4%BF-%E0%A4%B8%E0%A4%AE%E0%A4%AC%E0%A4%A8%E0%A5%8D%E0%A4%A7%E0%A4%BF-%E0%A4%B8%E0%A5%82%E0%A4%9A%E0%A4%A8%E0%A4%BE
सार्वजनिक जानकारीका लागि पोखरा महानगरपालिकाको सूचना ,No date,,/content/%E0%A4%B8%E0%A4%BE%E0%A4%B0%E0%A5%8D%E0%A4%B5%E0%A4%9C%E0%A4%A8%E0%A4%BF%E0%A4%95-%E0%A4%9C%E0%A4%BE%E0%A4%A8%E0%A4%95%E0%A4%BE%E0%A4%B0%E0%A5%80%E0%A4%95%E0%A4%BE-%E0%A4%B2%E0%A4%BE%E0%A4%97%E0%A4%BF-%E0%A4%AA%E0%A5%8B%E0%A4%96%E0%A4%B0%E0%A4%BE-%E0%A4%AE%E0%A4%B9%E0%A4%BE%E0%A4%A8%E0%A4%97%E0%A4%B0%E0%A4%AA%E0%A4%BE%E0%A4%B2%E0%A4%BF%E0%A4%95%E0%A4%BE%E0%A4%95%E0%A5%8B-%E0%A4%B8%E0%A5%82%E0%A4%9A%E0%A4%A8%E0%A4%BE
रिक्त पदमा स्थायी शिक्षक सरुवा समबन्धी सूचना ( श्री शान्ति उदय मा.वि),No date,,/content/%E0%A4%B0%E0%A4%BF%E0%A4%95%E0%A5%8D%E0%A4%A4-%E0%A4%AA%E0%A4%A6%E0%A4%AE%E0%A4%BE-%E0%A4%B8%E0%A5%8D%E0%A4%A5%E0%A4%BE%E0%A4%AF%E0%A5%80-%E0%A4%B6%E0%A4%BF%E0%A4%95%E0%A5%8D%E0%A4%B7%E0%A4%95-%E0%A4%B8%E0%A4%B0%E0%A5%81%E0%A4%B5%E0%A4%BE-%E0%A4%B8%E0%A4%AE%E0%A4%AC%E0%A4%A8%E0%A5%8D%E0%A4%A7%E0%A5%80-%E0%A4%B8%E0%A5%82%E0%A4%9A%E0%A4%A8%E0%A4%BE-%E0%A4%B6%E0%A5%8D%E0%A4%B0%E0%A5%80-%E0%A4%B6%E0%A4%BE%E0%A4%A8%E0%A5%8D%E0%A4%A4%E0%A4%BF-%E0%A4%89%E0%A4%A6%E0%A4%AF-%E0%A4%AE%E0%A4%BE%E0%A4%B5%E0%A4%BF
रिक्त पदमा स्थायी शिक्षक सरुवा समबन्धी सूचना ( श्री जन्मभूमि आ.वि),No date,,/content/%E0%A4%B0%E0%A4%BF%E0%A4%95%E0%A5%8D%E0%A4%A4-%E0%A4%AA%E0%A4%A6%E0%A4%AE%E0%A4%BE-%E0%A4%B8%E0%A5%8D%E0%A4%A5%E0%A4%BE%E0%A4%AF%E0%A5%80-%E0%A4%B6%E0%A4%BF%E0%A4%95%E0%A5%8D%E0%A4%B7%E0%A4%95-%E0%A4%B8%E0%A4%B0%E0%A5%81%E0%A4%B5%E0%A4%BE-%E0%A4%B8%E0%A4%AE%E0%A4%AC%E0%A4%A8%E0%A5%8D%E0%A4%A7%E0%A5%80-%E0%A4%B8%E0%A5%82%E0%A4%9A%E0%A4%A8%E0%A4%BE-%E0%A4%B6%E0%A5%8D%E0%A4%B0%E0%A5%80-%E0%A4%9C%E0%A4%A8%E0%A5%8D%E0%A4%AE%E0%A4%AD%E0%A5%82%E0%A4%AE%E0%A4%BF-%E0%A4%86%E0%A4%B5%E0%A4%BF
रिक्त पदमा स्थायी शिक्षक सरुवा समबन्धी सूचना ( श्री जानकी मा.वि),No date,,/content/%E0%A4%B0%E0%A4%BF%E0%A4%95%E0%A5%8D%E0%A4%A4-%E0%A4%AA%E0%A4%A6%E0%A4%AE%E0%A4%BE-%E0%A4%B8%E0%A5%8D%E0%A4%A5%E0%A4%BE%E0%A4%AF%E0%A5%80-%E0%A4%B6%E0%A4%BF%E0%A4%95%E0%A5%8D%E0%A4%B7%E0%A4%95-%E0%A4%B8%E0%A4%B0%E0%A5%81%E0%A4%B5%E0%A4%BE-%E0%A4%B8%E0%A4%AE%E0%A4%AC%E0%A4%A8%E0%A5%8D%E0%A4%A7%E0%A5%80-%E0%A4%B8%E0%A5%82%E0%A4%9A%E0%A4%A8%E0%A4%BE-%E0%A4%B6%E0%A5%8D%E0%A4%B0%E0%A5%80-%E0%A4%9C%E0%A4%BE%E0%A4%A8%E0%A4%95%E0%A5%80-%E0%A4%AE%E0%A4%BE%E0%A4%B5%E0%A4%BF
